0000;0
0001;0
0002;0
0003;0
0004;0
0005;0
0006;0
0007;0
0008;0
0009;0
0010;0
0011;0
0012;0
0013;0
0014;0
0015;0
0016;0
0017;0
0018;0
0019;9
0020;0
0021;0
0022;0
0023;0
0024;0
0025;6
0026;0
0027;0
0028;9
0029;0
0030;0
0031;0
0032;0
0033;0
0034;0
0035;0
0036;0
0037;9
0038;0
0039;0
0040;0
0041;0
0042;0
0043;0
0044;0
0045;0
0046;9
0047;0
0048;0
0049;0
0050;0
0051;0
0052;6
0053;0
0054;0
0055;9
0056;0
0057;0
0058;0
0059;0
0060;0
0061;0
0062;0
0063;0
0064;9
0065;0
0066;0
0067;0
0068;0
0069;0
0070;0
0071;0
0072;0
0073;9
0074;0
0075;0
0076;0
0077;0
0078;0
0079;0
0080;0
0081;0
0082;9
0083;0
0084;0
0085;0
0086;0
0087;0
0088;0
0089;0
0090;0
0091;9
0092;0
0093;0
0094;0
0095;0
0096;0
0097;0
0098;0
0099;0
0100;0
0101;0
0102;0
0103;0
0104;0
0105;0
0106;0
0107;0
0108;0
0109;9
0110;0
0111;0
0112;0
0113;0
0114;0
0115;3
0116;0
0117;0
0118;4
0119;10
0120;0
0121;0
0122;0
0123;0
0124;3
0125;10
0126;2
0127;4
0128;10
0129;11
0130;0
0131;0
0132;0
0133;5
0134;0
0135;2
0136;4
0137;10
0138;3
0139;8
0140;0
0141;0
0142;3
0143;0
0144;0
0145;4
0146;10
0147;3
0148;0
0149;8
0150;0
0151;3
0152;10
0153;2
0154;4
0155;10
0156;3
0157;0
0158;0
0159;8
0160;0
0161;0
0162;2
0163;4
0164;10
0165;3
0166;0
0167;0
0168;0
0169;8
0170;0
0171;0
0172;4
0173;10
0174;3
0175;0
0176;0
0177;0
0178;0
0179;8
0180;0
0181;4
0182;10
0183;3
0184;0
0185;0
0186;0
0187;0
0188;0
0189;8
0190;9
0191;10
0192;11
0193;8
0194;8
0195;8
0196;8
0197;8
0198;8
0199;8
0200;0
0201;0
0202;0
0203;0
0204;0
0205;6
0206;0
0207;0
0208;9
0209;0
0210;0
0211;0
0212;0
0213;0
0214;3
0215;10
0216;2
0217;4
0218;10
0219;11
0220;0
0221;0
0222;0
0223;3
0224;5
0225;8
0226;10
0227;2
0228;8
0229;5
0230;0
0231;0
0232;3
0233;0
0234;6
0235;12
0236;0
0237;8
0238;9
0239;3
0240;0
0241;3
0242;5
0243;6
0244;4
0245;11
0246;8
0247;4
0248;12
0249;2
0250;6
0251;10
0252;8
0253;12
0254;11
0255;14
0256;8
0257;11
0258;14
0259;8
0260;0
0261;2
0262;10
0263;0
0264;8
0265;8
0266;3
0267;5
0268;11
0269;0
0270;0
0271;4
0272;2
0273;8
0274;4
0275;11
0276;5
0277;0
0278;8
0279;0
0280;9
0281;10
0282;8
0283;9
0284;12
0285;14
0286;11
0287;8
0288;8
0289;10
0290;0
0291;11
0292;5
0293;3
0294;2
0295;8
0296;0
0297;0
0298;10
0299;0
0300;0
0301;0
0302;0
0303;0
0304;0
0305;0
0306;0
0307;9
0308;0
0309;0
0310;0
0311;0
0312;0
0313;5
0314;0
0315;2
0316;4
0317;10
0318;3
0319;8
0320;0
0321;0
0322;3
0323;0
0324;6
0325;12
0326;0
0327;8
0328;9
0329;3
0330;0
0331;5
0332;0
0333;0
0334;4
0335;0
0336;0
0337;8
0338;0
0339;5
0340;0
0341;0
0342;6
0343;4
0344;0
0345;0
0346;8
0347;8
0348;0
0349;3
0350;0
0351;2
0352;12
0353;0
0354;0
0355;10
0356;6
0357;8
0358;3
0359;0
0360;0
0361;4
0362;0
0363;0
0364;8
0365;6
0366;0
0367;11
0368;9
0369;0
0370;9
0371;10
0372;8
0373;8
0374;8
0375;8
0376;11
0377;8
0378;8
0379;9
0380;0
0381;3
0382;9
0383;0
0384;0
0385;3
0386;9
0387;8
0388;0
0389;0
0390;0
0391;8
0392;3
0393;5
0394;3
0395;0
0396;0
0397;9
0398;0
0399;0
0400;0
0401;0
0402;0
0403;0
0404;0
0405;0
0406;9
0407;0
0408;0
0409;0
0410;0
0411;0
0412;3
0413;0
0414;0
0415;4
0416;10
0417;3
0418;0
0419;8
0420;0
0421;3
0422;5
0423;6
0424;4
0425;11
0426;8
0427;4
0428;12
0429;2
0430;0
0431;0
0432;6
0433;4
0434;0
0435;0
0436;8
0437;8
0438;0
0439;3
0440;0
0441;0
0442;4
0443;0
0444;0
0445;0
0446;10
0447;0
0448;0
0449;5
0450;0
0451;4
0452;11
0453;0
0454;0
0455;8
0456;9
0457;0
0458;6
0459;3
0460;9
0461;10
0462;8
0463;8
0464;10
0465;9
0466;8
0467;8
0468;11
0469;8
0470;0
0471;3
0472;4
0473;8
0474;0
0475;0
0476;8
0477;3
0478;0
0479;0
0480;0
0481;0
0482;12
0483;0
0484;0
0485;6
0486;11
0487;0
0488;5
0489;0
0490;0
0491;8
0492;2
0493;3
0494;5
0495;3
0496;8
0497;0
0498;0
0499;0
0500;0
0501;0
0502;6
0503;0
0504;0
0505;9
0506;0
0507;0
0508;0
0509;0
0510;0
0511;3
0512;10
0513;2
0514;4
0515;10
0516;3
0517;0
0518;0
0519;8
0520;6
0521;10
0522;8
0523;12
0524;11
0525;14
0526;8
0527;11
0528;14
0529;8
0530;0
0531;2
0532;12
0533;0
0534;0
0535;10
0536;6
0537;8
0538;3
0539;0
0540;0
0541;4
0542;11
0543;0
0544;0
0545;8
0546;9
0547;0
0548;6
0549;3
0550;9
0551;10
0552;14
0553;10
0554;8
0555;8
0556;8
0557;9
0558;8
0559;9
0560;0
0561;3
0562;8
0563;6
0564;9
0565;8
0566;0
0567;0
0568;2
0569;3
0570;0
0571;0
0572;11
0573;8
0574;0
0575;9
0576;0
0577;0
0578;3
0579;2
0580;0
0581;0
0582;14
0583;3
0584;6
0585;8
0586;2
0587;3
0588;0
0589;0
0590;0
0591;8
0592;8
0593;0
0594;3
0595;9
0596;3
0597;2
0598;0
0599;0
0600;0
0601;0
0602;0
0603;0
0604;9
0605;0
0606;0
0607;0
0608;0
0609;0
0610;0
0611;0
0612;2
0613;4
0614;10
0615;3
0616;0
0617;0
0618;0
0619;8
0620;0
0621;2
0622;10
0623;0
0624;8
0625;8
0626;3
0627;5
0628;11
0629;0
0630;0
0631;4
0632;0
0633;0
0634;8
0635;6
0636;0
0637;11
0638;9
0639;0
0640;9
0641;10
0642;8
0643;8
0644;10
0645;9
0646;8
0647;8
0648;11
0649;8
0650;0
0651;3
0652;8
0653;6
0654;9
0655;8
0656;0
0657;0
0658;2
0659;3
0660;0
0661;0
0662;3
0663;0
0664;8
0665;0
0666;0
0667;0
0668;0
0669;5
0670;0
0671;0
0672;5
0673;11
0674;8
0675;0
0676;0
0677;0
0678;0
0679;3
0680;0
0681;0
0682;11
0683;9
0684;11
0685;2
0686;0
0687;0
0688;3
0689;0
0690;0
0691;8
0692;0
0693;0
0694;8
0695;3
0696;5
0697;3
0698;0
0699;0
0700;0
0701;0
0702;0
0703;9
0704;0
0705;0
0706;0
0707;0
0708;0
0709;0
0710;0
0711;0
0712;4
0713;10
0714;3
0715;0
0716;0
0717;0
0718;0
0719;8
0720;0
0721;4
0722;2
0723;8
0724;4
0725;11
0726;5
0727;0
0728;8
0729;0
0730;9
0731;10
0732;8
0733;8
0734;8
0735;8
0736;11
0737;8
0738;8
0739;9
0740;0
0741;3
0742;4
0743;8
0744;0
0745;0
0746;8
0747;3
0748;0
0749;0
0750;0
0751;0
0752;11
0753;8
0754;0
0755;9
0756;0
0757;0
0758;3
0759;2
0760;0
0761;0
0762;5
0763;11
0764;8
0765;0
0766;0
0767;0
0768;0
0769;3
0770;0
0771;0
0772;0
0773;8
0774;3
0775;0
0776;0
0777;0
0778;0
0779;5
0780;0
0781;0
0782;8
0783;8
0784;0
0785;3
0786;0
0787;0
0788;0
0789;3
0790;0
0791;8
0792;0
0793;9
0794;0
0795;2
0796;3
0797;5
0798;3
0799;0
0800;0
0801;0
0802;9
0803;0
0804;0
0805;0
0806;0
0807;0
0808;0
0809;0
0810;0
0811;4
0812;10
0813;3
0814;0
0815;0
0816;0
0817;0
0818;0
0819;8
0820;9
0821;10
0822;8
0823;9
0824;12
0825;14
0826;11
0827;8
0828;8
0829;10
0830;0
0831;3
0832;9
0833;0
0834;0
0835;3
0836;9
0837;8
0838;0
0839;0
0840;0
0841;0
0842;12
0843;0
0844;0
0845;6
0846;11
0847;0
0848;5
0849;0
0850;0
0851;0
0852;14
0853;3
0854;6
0855;8
0856;2
0857;3
0858;0
0859;0
0860;0
0861;0
0862;11
0863;9
0864;11
0865;2
0866;0
0867;0
0868;3
0869;0
0870;0
0871;0
0872;8
0873;8
0874;0
0875;3
0876;0
0877;0
0878;0
0879;3
0880;0
0881;0
0882;8
0883;0
0884;5
0885;0
0886;3
0887;0
0888;0
0889;5
0890;0
0891;8
0892;10
0893;0
0894;0
0895;0
0896;0
0897;3
0898;5
0899;3
0900;0
0901;9
0902;0
0903;0
0904;0
0905;0
0906;0
0907;0
0908;0
0909;0
0910;9
0911;10
0912;11
0913;8
0914;8
0915;8
0916;8
0917;8
0918;8
0919;8
0920;0
0921;11
0922;5
0923;3
0924;2
0925;8
0926;0
0927;0
0928;10
0929;0
0930;0
0931;8
0932;3
0933;5
0934;3
0935;0
0936;0
0937;9
0938;0
0939;0
0940;0
0941;8
0942;2
0943;3
0944;5
0945;3
0946;8
0947;0
0948;0
0949;0
0950;0
0951;8
0952;8
0953;0
0954;3
0955;9
0956;3
0957;2
0958;0
0959;0
0960;0
0961;8
0962;0
0963;0
0964;8
0965;3
0966;5
0967;3
0968;0
0969;0
0970;0
0971;8
0972;0
0973;9
0974;0
0975;2
0976;3
0977;5
0978;3
0979;0
0980;0
0981;8
0982;10
0983;0
0984;0
0985;0
0986;0
0987;3
0988;5
0989;3
0990;0
0991;8
0992;0
0993;0
0994;0
0995;0
0996;0
0997;0
0998;3
0999;5
1000;0
1001;0
1002;0
1003;0
1004;0
1005;0
1006;0
1007;0
1008;0
1009;9
1010;0
1011;0
1012;0
1013;0
1014;0
1015;3
1016;0
1017;0
1018;4
1019;10
1020;0
1021;0
1022;0
1023;0
1024;3
1025;10
1026;2
1027;4
1028;10
1029;11
1030;0
1031;0
1032;0
1033;5
1034;0
1035;2
1036;4
1037;10
1038;3
1039;8
1040;0
1041;0
1042;3
1043;0
1044;0
1045;4
1046;10
1047;3
1048;0
1049;8
1050;0
1051;3
1052;10
1053;2
1054;4
1055;10
1056;3
1057;0
1058;0
1059;8
1060;0
1061;0
1062;2
1063;4
1064;10
1065;3
1066;0
1067;0
1068;0
1069;8
1070;0
1071;0
1072;4
1073;10
1074;3
1075;0
1076;0
1077;0
1078;0
1079;8
1080;0
1081;4
1082;10
1083;3
1084;0
1085;0
1086;0
1087;0
1088;0
1089;8
1090;9
1091;10
1092;11
1093;8
1094;8
1095;8
1096;8
1097;8
1098;8
1099;8
1100;0
1101;0
1102;0
1103;0
1104;0
1105;3
1106;0
1107;0
1108;4
1109;10
1110;0
1111;0
1112;0
1113;0
1114;1
1115;3
1116;1
1117;2
1118;4
1119;8
1120;0
1121;0
1122;0
1123;1
1124;4
1125;9
1126;8
1127;6
1128;8
1129;7
1130;0
1131;0
1132;1
1133;5
1134;4
1135;5
1136;5
1137;8
1138;6
1139;3
1140;0
1141;1
1142;4
1143;4
1144;2
1145;7
1146;8
1147;6
1148;5
1149;1
1150;3
1151;3
1152;9
1153;5
1154;7
1155;8
1156;6
1157;3
1158;1
1159;0
1160;0
1161;1
1162;8
1163;5
1164;8
1165;6
1166;3
1167;1
1168;2
1169;0
1170;0
1171;2
1172;6
1173;8
1174;6
1175;3
1176;1
1177;0
1178;0
1179;0
1180;4
1181;4
1182;8
1183;6
1184;5
1185;1
1186;2
1187;0
1188;0
1189;1
1190;10
1191;8
1192;7
1193;3
1194;1
1195;0
1196;0
1197;0
1198;1
1199;1
1200;0
1201;0
1202;0
1203;0
1204;3
1205;10
1206;2
1207;4
1208;10
1209;11
1210;0
1211;0
1212;0
1213;1
1214;4
1215;9
1216;8
1217;6
1218;8
1219;7
1220;0
1221;0
1222;1
1223;4
1224;7
1225;8
1226;12
1227;7
1228;7
1229;6
1230;0
1231;1
1232;4
1233;5
1234;14
1235;8
1236;9
1237;6
1238;6
1239;7
1240;3
1241;4
1242;7
1243;14
1244;7
1245;8
1246;5
1247;9
1248;10
1249;8
1250;10
1251;9
1252;8
1253;8
1254;8
1255;5
1256;5
1257;7
1258;10
1259;3
1260;2
1261;8
1262;12
1263;9
1264;5
1265;5
1266;8
1267;8
1268;12
1269;3
1270;4
1271;6
1272;7
1273;6
1274;9
1275;7
1276;8
1277;2
1278;6
1279;4
1280;10
1281;8
1282;7
1283;6
1284;10
1285;10
1286;12
1287;6
1288;2
1289;5
1290;11
1291;7
1292;6
1293;7
1294;8
1295;3
1296;3
1297;4
1298;5
1299;4
1300;0
1301;0
1302;0
1303;5
1304;0
1305;2
1306;4
1307;10
1308;3
1309;8
1310;0
1311;0
1312;1
1313;5
1314;4
1315;5
1316;5
1317;8
1318;6
1319;3
1320;0
1321;1
1322;4
1323;5
1324;14
1325;8
1326;9
1327;6
1328;6
1329;7
1330;5
1331;5
1332;5
1333;3
1334;7
1335;3
1336;2
1337;1
1338;3
1339;6
1340;0
1341;4
1342;14
1343;7
1344;2
1345;5
1346;3
1347;2
1348;4
1349;7
1350;2
1351;5
1352;8
1353;3
1354;5
1355;7
1356;7
1357;4
1358;8
1359;4
1360;4
1361;5
1362;9
1363;2
1364;3
1365;7
1366;4
1367;9
1368;13
1369;8
1370;10
1371;8
1372;6
1373;1
1374;2
1375;4
1376;9
1377;4
1378;4
1379;4
1380;3
1381;6
1382;6
1383;3
1384;4
1385;8
1386;13
1387;4
1388;1
1389;4
1390;8
1391;3
1392;7
1393;6
1394;7
1395;4
1396;8
1397;4
1398;4
1399;0
1400;0
1401;0
1402;3
1403;0
1404;0
1405;4
1406;10
1407;3
1408;0
1409;8
1410;0
1411;1
1412;4
1413;4
1414;2
1415;7
1416;8
1417;6
1418;5
1419;1
1420;3
1421;4
1422;7
1423;14
1424;7
1425;8
1426;5
1427;9
1428;10
1429;8
1430;0
1431;4
1432;14
1433;7
1434;2
1435;5
1436;3
1437;2
1438;4
1439;7
1440;0
1441;2
1442;7
1443;2
1444;0
1445;4
1446;7
1447;3
1448;3
1449;6
1450;4
1451;7
1452;8
1453;5
1454;4
1455;2
1456;3
1457;4
1458;6
1459;9
1460;10
1461;8
1462;5
1463;3
1464;7
1465;3
1466;4
1467;2
1468;7
1469;4
1470;3
1471;6
1472;9
1473;2
1474;3
1475;4
1476;2
1477;6
1478;5
1479;3
1480;0
1481;5
1482;10
1483;4
1484;3
1485;6
1486;7
1487;5
1488;4
1489;4
1490;8
1491;1
1492;8
1493;7
1494;6
1495;9
1496;4
1497;3
1498;4
1499;0
1500;0
1501;3
1502;10
1503;2
1504;4
1505;10
1506;3
1507;0
1508;0
1509;8
1510;3
1511;3
1512;9
1513;5
1514;7
1515;8
1516;6
1517;3
1518;1
1519;0
1520;10
1521;9
1522;8
1523;8
1524;8
1525;5
1526;5
1527;7
1528;10
1529;3
1530;2
1531;5
1532;8
1533;3
1534;5
1535;7
1536;7
1537;4
1538;8
1539;4
1540;4
1541;7
1542;8
1543;5
1544;4
1545;2
1546;3
1547;4
1548;6
1549;9
1550;10
1551;8
1552;5
1553;7
1554;2
1555;1
1556;2
1557;3
1558;5
1559;6
1560;3
1561;6
1562;5
1563;7
1564;3
1565;2
1566;1
1567;2
1568;5
1569;7
1570;0
1571;3
1572;7
1573;4
1574;4
1575;3
1576;2
1577;3
1578;6
1579;6
1580;0
1581;1
1582;10
1583;8
1584;6
1585;5
1586;5
1587;6
1588;6
1589;3
1590;8
1591;0
1592;3
1593;4
1594;9
1595;6
1596;7
1597;6
1598;3
1599;1
1600;0
1601;0
1602;2
1603;4
1604;10
1605;3
1606;0
1607;0
1608;0
1609;8
1610;0
1611;1
1612;8
1613;5
1614;8
1615;6
1616;3
1617;1
1618;2
1619;0
1620;2
1621;8
1622;12
1623;9
1624;5
1625;5
1626;8
1627;8
1628;12
1629;3
1630;4
1631;5
1632;9
1633;2
1634;3
1635;7
1636;4
1637;9
1638;13
1639;8
1640;10
1641;8
1642;5
1643;3
1644;7
1645;3
1646;4
1647;2
1648;7
1649;4
1650;3
1651;6
1652;5
1653;7
1654;3
1655;2
1656;1
1657;2
1658;5
1659;7
1660;0
1661;3
1662;8
1663;4
1664;4
1665;1
1666;0
1667;0
1668;3
1669;6
1670;0
1671;1
1672;8
1673;9
1674;2
1675;2
1676;0
1677;0
1678;2
1679;7
1680;0
1681;2
1682;12
1683;13
1684;7
1685;5
1686;3
1687;2
1688;6
1689;3
1690;8
1691;0
1692;3
1693;8
1694;4
1695;7
1696;6
1697;7
1698;3
1699;0
1700;0
1701;0
1702;4
1703;10
1704;3
1705;0
1706;0
1707;0
1708;0
1709;8
1710;0
1711;2
1712;6
1713;8
1714;6
1715;3
1716;1
1717;0
1718;0
1719;0
1720;4
1721;6
1722;7
1723;6
1724;9
1725;7
1726;8
1727;2
1728;6
1729;4
1730;10
1731;8
1732;6
1733;1
1734;2
1735;4
1736;9
1737;4
1738;4
1739;4
1740;3
1741;6
1742;9
1743;2
1744;3
1745;4
1746;2
1747;6
1748;5
1749;3
1750;0
1751;3
1752;7
1753;4
1754;4
1755;3
1756;2
1757;3
1758;6
1759;6
1760;0
1761;1
1762;8
1763;9
1764;2
1765;2
1766;0
1767;0
1768;2
1769;7
1770;0
1771;0
1772;2
1773;4
1774;6
1775;3
1776;0
1777;0
1778;2
1779;6
1780;0
1781;0
1782;6
1783;4
1784;5
1785;6
1786;2
1787;2
1788;2
1789;7
1790;8
1791;0
1792;4
1793;4
1794;3
1795;6
1796;7
1797;6
1798;7
1799;3
1800;0
1801;4
1802;10
1803;3
1804;0
1805;0
1806;0
1807;0
1808;0
1809;8
1810;4
1811;4
1812;8
1813;6
1814;5
1815;1
1816;2
1817;0
1818;0
1819;1
1820;10
1821;8
1822;7
1823;6
1824;10
1825;10
1826;12
1827;6
1828;2
1829;5
1830;3
1831;6
1832;6
1833;3
1834;4
1835;8
1836;13
1837;4
1838;1
1839;4
1840;0
1841;5
1842;10
1843;4
1844;3
1845;6
1846;7
1847;5
1848;4
1849;4
1850;0
1851;1
1852;10
1853;8
1854;6
1855;5
1856;5
1857;6
1858;6
1859;3
1860;0
1861;2
1862;12
1863;13
1864;7
1865;5
1866;3
1867;2
1868;6
1869;3
1870;0
1871;0
1872;6
1873;4
1874;5
1875;6
1876;2
1877;2
1878;2
1879;7
1880;0
1881;0
1882;2
1883;1
1884;4
1885;6
1886;6
1887;2
1888;2
1889;6
1890;8
1891;1
1892;5
1893;4
1894;4
1895;3
1896;3
1897;7
1898;6
1899;9
1900;9
1901;10
1902;11
1903;8
1904;8
1905;8
1906;8
1907;8
1908;8
1909;8
1910;10
1911;8
1912;7
1913;3
1914;1
1915;0
1916;0
1917;0
1918;1
1919;1
1920;11
1921;7
1922;6
1923;7
1924;8
1925;3
1926;3
1927;4
1928;5
1929;4
1930;8
1931;3
1932;7
1933;6
1934;7
1935;4
1936;8
1937;4
1938;4
1939;0
1940;8
1941;1
1942;8
1943;7
1944;6
1945;9
1946;4
1947;3
1948;4
1949;0
1950;8
1951;0
1952;3
1953;4
1954;9
1955;6
1956;7
1957;6
1958;3
1959;1
1960;8
1961;0
1962;3
1963;8
1964;4
1965;7
1966;6
1967;7
1968;3
1969;0
1970;8
1971;0
1972;4
1973;4
1974;3
1975;6
1976;7
1977;6
1978;7
1979;3
1980;8
1981;1
1982;5
1983;4
1984;4
1985;3
1986;3
1987;7
1988;6
1989;9
1990;8
1991;1
1992;4
1993;0
1994;0
1995;1
1996;0
1997;3
1998;9
1999;6
2000;0
2001;0
2002;0
2003;0
2004;0
2005;6
2006;0
2007;0
2008;9
2009;0
2010;0
2011;0
2012;0
2013;0
2014;3
2015;10
2016;2
2017;4
2018;10
2019;11
2020;0
2021;0
2022;0
2023;3
2024;5
2025;8
2026;10
2027;2
2028;8
2029;5
2030;0
2031;0
2032;3
2033;0
2034;6
2035;12
2036;0
2037;8
2038;9
2039;3
2040;0
2041;3
2042;5
2043;6
2044;4
2045;11
2046;8
2047;4
2048;12
2049;2
2050;6
2051;10
2052;8
2053;12
2054;11
2055;14
2056;8
2057;11
2058;14
2059;8
2060;0
2061;2
2062;10
2063;0
2064;8
2065;8
2066;3
2067;5
2068;11
2069;0
2070;0
2071;4
2072;2
2073;8
2074;4
2075;11
2076;5
2077;0
2078;8
2079;0
2080;9
2081;10
2082;8
2083;9
2084;12
2085;14
2086;11
2087;8
2088;8
2089;10
2090;0
2091;11
2092;5
2093;3
2094;2
2095;8
2096;0
2097;0
2098;10
2099;0
2100;0
2101;0
2102;0
2103;0
2104;3
2105;10
2106;2
2107;4
2108;10
2109;11
2110;0
2111;0
2112;0
2113;1
2114;4
2115;9
2116;8
2117;6
2118;8
2119;7
2120;0
2121;0
2122;1
2123;4
2124;7
2125;8
2126;12
2127;7
2128;7
2129;6
2130;0
2131;1
2132;4
2133;5
2134;14
2135;8
2136;9
2137;6
2138;6
2139;7
2140;3
2141;4
2142;7
2143;14
2144;7
2145;8
2146;5
2147;9
2148;10
2149;8
2150;10
2151;9
2152;8
2153;8
2154;8
2155;5
2156;5
2157;7
2158;10
2159;3
2160;2
2161;8
2162;12
2163;9
2164;5
2165;5
2166;8
2167;8
2168;12
2169;3
2170;4
2171;6
2172;7
2173;6
2174;9
2175;7
2176;8
2177;2
2178;6
2179;4
2180;10
2181;8
2182;7
2183;6
2184;10
2185;10
2186;12
2187;6
2188;2
2189;5
2190;11
2191;7
2192;6
2193;7
2194;8
2195;3
2196;3
2197;4
2198;5
2199;4
2200;0
2201;0
2202;0
2203;3
2204;5
2205;8
2206;10
2207;2
2208;8
2209;5
2210;0
2211;0
2212;1
2213;4
2214;7
2215;8
2216;12
2217;7
2218;7
2219;6
2220;0
2221;1
2222;2
2223;5
2224;6
2225;7
2226;4
2227;5
2228;8
2229;5
2230;3
2231;4
2232;5
2233;7
2234;4
2235;3
2236;6
2237;7
2238;10
2239;6
2240;5
2241;7
2242;6
2243;4
2244;6
2245;4
2246;13
2247;7
2248;6
2249;9
2250;8
2251;8
2252;7
2253;3
2254;4
2255;6
2256;8
2257;0
2258;8
2259;6
2260;10
2261;12
2262;4
2263;6
2264;13
2265;8
2266;3
2267;4
2268;9
2269;6
2270;2
2271;7
2272;5
2273;7
2274;7
2275;0
2276;4
2277;5
2278;5
2279;2
2280;8
2281;7
2282;8
2283;10
2284;6
2285;8
2286;9
2287;5
2288;9
2289;1
2290;5
2291;6
2292;5
2293;6
2294;9
2295;6
2296;6
2297;2
2298;1
2299;1
2300;0
2301;0
2302;3
2303;0
2304;6
2305;12
2306;0
2307;8
2308;9
2309;3
2310;0
2311;1
2312;4
2313;5
2314;14
2315;8
2316;9
2317;6
2318;6
2319;7
2320;3
2321;4
2322;5
2323;7
2324;4
2325;3
2326;6
2327;7
2328;10
2329;6
2330;0
2331;5
2332;7
2333;3
2334;3
2335;6
2336;5
2337;7
2338;9
2339;2
2340;6
2341;14
2342;4
2343;3
2344;9
2345;9
2346;9
2347;4
2348;8
2349;10
2350;12
2351;8
2352;3
2353;6
2354;9
2355;5
2356;6
2357;6
2358;3
2359;8
2360;0
2361;9
2362;6
2363;5
2364;9
2365;6
2366;10
2367;2
2368;4
2369;8
2370;8
2371;6
2372;7
2373;7
2374;4
2375;6
2376;2
2377;4
2378;9
2379;7
2380;9
2381;6
2382;10
2383;9
2384;8
2385;3
2386;4
2387;9
2388;5
2389;8
2390;3
2391;7
2392;6
2393;2
2394;10
2395;8
2396;8
2397;7
2398;8
2399;3
2400;0
2401;3
2402;5
2403;6
2404;4
2405;11
2406;8
2407;4
2408;12
2409;2
2410;3
2411;4
2412;7
2413;14
2414;7
2415;8
2416;5
2417;9
2418;10
2419;8
2420;5
2421;7
2422;6
2423;4
2424;6
2425;4
2426;13
2427;7
2428;6
2429;9
2430;6
2431;14
2432;4
2433;3
2434;9
2435;9
2436;9
2437;4
2438;8
2439;10
2440;4
2441;7
2442;6
2443;9
2444;8
2445;6
2446;5
2447;7
2448;11
2449;7
2450;11
2451;8
2452;4
2453;9
2454;6
2455;4
2456;5
2457;9
2458;6
2459;2
2460;8
2461;5
2462;13
2463;9
2464;5
2465;5
2466;9
2467;9
2468;11
2469;6
2470;4
2471;9
2472;7
2473;4
2474;7
2475;9
2476;9
2477;2
2478;5
2479;9
2480;12
2481;10
2482;6
2483;8
2484;11
2485;6
2486;11
2487;5
2488;7
2489;9
2490;2
2491;8
2492;9
2493;10
2494;7
2495;2
2496;6
2497;9
2498;9
2499;3
2500;6
2501;10
2502;8
2503;12
2504;11
2505;14
2506;8
2507;11
2508;14
2509;8
2510;10
2511;9
2512;8
2513;8
2514;8
2515;5
2516;5
2517;7
2518;10
2519;3
2520;8
2521;8
2522;7
2523;3
2524;4
2525;6
2526;8
2527;0
2528;8
2529;6
2530;12
2531;8
2532;3
2533;6
2534;9
2535;5
2536;6
2537;6
2538;3
2539;8
2540;11
2541;8
2542;4
2543;9
2544;6
2545;4
2546;5
2547;9
2548;6
2549;2
2550;14
2551;5
2552;6
2553;5
2554;4
2555;7
2556;4
2557;2
2558;6
2559;6
2560;8
2561;5
2562;8
2563;6
2564;5
2565;4
2566;5
2567;6
2568;7
2569;4
2570;11
2571;7
2572;0
2573;6
2574;9
2575;2
2576;6
2577;5
2578;3
2579;6
2580;14
2581;10
2582;8
2583;3
2584;6
2585;6
2586;7
2587;3
2588;6
2589;8
2590;8
2591;3
2592;6
2593;8
2594;2
2595;6
2596;4
2597;6
2598;8
2599;5
2600;0
2601;2
2602;10
2603;0
2604;8
2605;8
2606;3
2607;5
2608;11
2609;0
2610;2
2611;8
2612;12
2613;9
2614;5
2615;5
2616;8
2617;8
2618;12
2619;3
2620;10
2621;12
2622;4
2623;6
2624;13
2625;8
2626;3
2627;4
2628;9
2629;6
2630;0
2631;9
2632;6
2633;5
2634;9
2635;6
2636;10
2637;2
2638;4
2639;8
2640;8
2641;5
2642;13
2643;9
2644;5
2645;5
2646;9
2647;9
2648;11
2649;6
2650;8
2651;5
2652;8
2653;6
2654;5
2655;4
2656;5
2657;6
2658;7
2659;4
2660;3
2661;8
2662;3
2663;10
2664;9
2665;5
2666;1
2667;6
2668;11
2669;2
2670;5
2671;8
2672;4
2673;2
2674;9
2675;6
2676;6
2677;4
2678;4
2679;8
2680;11
2681;12
2682;9
2683;4
2684;11
2685;7
2686;11
2687;4
2688;4
2689;7
2690;0
2691;3
2692;6
2693;8
2694;6
2695;4
2696;2
2697;8
2698;7
2699;4
2700;0
2701;4
2702;2
2703;8
2704;4
2705;11
2706;5
2707;0
2708;8
2709;0
2710;4
2711;6
2712;7
2713;6
2714;9
2715;7
2716;8
2717;2
2718;6
2719;4
2720;2
2721;7
2722;5
2723;7
2724;7
2725;0
2726;4
2727;5
2728;5
2729;2
2730;8
2731;6
2732;7
2733;7
2734;4
2735;6
2736;2
2737;4
2738;9
2739;7
2740;4
2741;9
2742;7
2743;4
2744;7
2745;9
2746;9
2747;2
2748;5
2749;9
2750;11
2751;7
2752;0
2753;6
2754;9
2755;2
2756;6
2757;5
2758;3
2759;6
2760;5
2761;8
2762;4
2763;2
2764;9
2765;6
2766;6
2767;4
2768;4
2769;8
2770;0
2771;2
2772;5
2773;4
2774;2
2775;5
2776;4
2777;2
2778;7
2779;4
2780;8
2781;6
2782;5
2783;9
2784;5
2785;3
2786;4
2787;7
2788;6
2789;3
2790;0
2791;4
2792;2
2793;7
2794;9
2795;6
2796;8
2797;4
2798;3
2799;4
2800;9
2801;10
2802;8
2803;9
2804;12
2805;14
2806;11
2807;8
2808;8
2809;10
2810;10
2811;8
2812;7
2813;6
2814;10
2815;10
2816;12
2817;6
2818;2
2819;5
2820;8
2821;7
2822;8
2823;10
2824;6
2825;8
2826;9
2827;5
2828;9
2829;1
2830;9
2831;6
2832;10
2833;9
2834;8
2835;3
2836;4
2837;9
2838;5
2839;8
2840;12
2841;10
2842;6
2843;8
2844;11
2845;6
2846;11
2847;5
2848;7
2849;9
2850;14
2851;10
2852;8
2853;3
2854;6
2855;6
2856;7
2857;3
2858;6
2859;8
2860;11
2861;12
2862;9
2863;4
2864;11
2865;7
2866;11
2867;4
2868;4
2869;7
2870;8
2871;6
2872;5
2873;9
2874;5
2875;3
2876;4
2877;7
2878;6
2879;3
2880;8
2881;2
2882;9
2883;5
2884;7
2885;6
2886;4
2887;6
2888;5
2889;5
2890;10
2891;5
2892;1
2893;8
2894;9
2895;8
2896;7
2897;3
2898;5
2899;6
2900;0
2901;11
2902;5
2903;3
2904;2
2905;8
2906;0
2907;0
2908;10
2909;0
2910;11
2911;7
2912;6
2913;7
2914;8
2915;3
2916;3
2917;4
2918;5
2919;4
2920;5
2921;6
2922;5
2923;6
2924;9
2925;6
2926;6
2927;2
2928;1
2929;1
2930;3
2931;7
2932;6
2933;2
2934;10
2935;8
2936;8
2937;7
2938;8
2939;3
2940;2
2941;8
2942;9
2943;10
2944;7
2945;2
2946;6
2947;9
2948;9
2949;3
2950;8
2951;3
2952;6
2953;8
2954;2
2955;6
2956;4
2957;6
2958;8
2959;5
2960;0
2961;3
2962;6
2963;8
2964;6
2965;4
2966;2
2967;8
2968;7
2969;4
2970;0
2971;4
2972;2
2973;7
2974;9
2975;6
2976;8
2977;4
2978;3
2979;4
2980;10
2981;5
2982;1
2983;8
2984;9
2985;8
2986;7
2987;3
2988;5
2989;6
2990;0
2991;4
2992;1
2993;3
2994;3
2995;5
2996;4
2997;4
2998;6
2999;2
3000;0
3001;0
3002;0
3003;0
3004;0
3005;0
3006;0
3007;9
3008;0
3009;0
3010;0
3011;0
3012;0
3013;5
3014;0
3015;2
3016;4
3017;10
3018;3
3019;8
3020;0
3021;0
3022;3
3023;0
3024;6
3025;12
3026;0
3027;8
3028;9
3029;3
3030;0
3031;5
3032;0
3033;0
3034;4
3035;0
3036;0
3037;8
3038;0
3039;5
3040;0
3041;0
3042;6
3043;4
3044;0
3045;0
3046;8
3047;8
3048;0
3049;3
3050;0
3051;2
3052;12
3053;0
3054;0
3055;10
3056;6
3057;8
3058;3
3059;0
3060;0
3061;4
3062;0
3063;0
3064;8
3065;6
3066;0
3067;11
3068;9
3069;0
3070;9
3071;10
3072;8
3073;8
3074;8
3075;8
3076;11
3077;8
3078;8
3079;9
3080;0
3081;3
3082;9
3083;0
3084;0
3085;3
3086;9
3087;8
3088;0
3089;0
3090;0
3091;8
3092;3
3093;5
3094;3
3095;0
3096;0
3097;9
3098;0
3099;0
3100;0
3101;0
3102;0
3103;5
3104;0
3105;2
3106;4
3107;10
3108;3
3109;8
3110;0
3111;0
3112;1
3113;5
3114;4
3115;5
3116;5
3117;8
3118;6
3119;3
3120;0
3121;1
3122;4
3123;5
3124;14
3125;8
3126;9
3127;6
3128;6
3129;7
3130;5
3131;5
3132;5
3133;3
3134;7
3135;3
3136;2
3137;1
3138;3
3139;6
3140;0
3141;4
3142;14
3143;7
3144;2
3145;5
3146;3
3147;2
3148;4
3149;7
3150;2
3151;5
3152;8
3153;3
3154;5
3155;7
3156;7
3157;4
3158;8
3159;4
3160;4
3161;5
3162;9
3163;2
3164;3
3165;7
3166;4
3167;9
3168;13
3169;8
3170;10
3171;8
3172;6
3173;1
3174;2
3175;4
3176;9
3177;4
3178;4
3179;4
3180;3
3181;6
3182;6
3183;3
3184;4
3185;8
3186;13
3187;4
3188;1
3189;4
3190;8
3191;3
3192;7
3193;6
3194;7
3195;4
3196;8
3197;4
3198;4
3199;0
3200;0
3201;0
3202;3
3203;0
3204;6
3205;12
3206;0
3207;8
3208;9
3209;3
3210;0
3211;1
3212;4
3213;5
3214;14
3215;8
3216;9
3217;6
3218;6
3219;7
3220;3
3221;4
3222;5
3223;7
3224;4
3225;3
3226;6
3227;7
3228;10
3229;6
3230;0
3231;5
3232;7
3233;3
3234;3
3235;6
3236;5
3237;7
3238;9
3239;2
3240;6
3241;14
3242;4
3243;3
3244;9
3245;9
3246;9
3247;4
3248;8
3249;10
3250;12
3251;8
3252;3
3253;6
3254;9
3255;5
3256;6
3257;6
3258;3
3259;8
3260;0
3261;9
3262;6
3263;5
3264;9
3265;6
3266;10
3267;2
3268;4
3269;8
3270;8
3271;6
3272;7
3273;7
3274;4
3275;6
3276;2
3277;4
3278;9
3279;7
3280;9
3281;6
3282;10
3283;9
3284;8
3285;3
3286;4
3287;9
3288;5
3289;8
3290;3
3291;7
3292;6
3293;2
3294;10
3295;8
3296;8
3297;7
3298;8
3299;3
3300;0
3301;5
3302;0
3303;0
3304;4
3305;0
3306;0
3307;8
3308;0
3309;5
3310;5
3311;5
3312;5
3313;3
3314;7
3315;3
3316;2
3317;1
3318;3
3319;6
3320;0
3321;5
3322;7
3323;3
3324;3
3325;6
3326;5
3327;7
3328;9
3329;2
3330;0
3331;3
3332;3
3333;2
3334;3
3335;3
3336;2
3337;5
3338;4
3339;1
3340;4
3341;7
3342;3
3343;3
3344;5
3345;5
3346;7
3347;5
3348;2
3349;2
3350;0
3351;3
3352;6
3353;3
3354;5
3355;6
3356;8
3357;1
3358;3
3359;4
3360;0
3361;2
3362;5
3363;2
3364;7
3365;8
3366;2
3367;4
3368;3
3369;4
3370;8
3371;1
3372;7
3373;5
3374;5
3375;1
3376;4
3377;2
3378;4
3379;4
3380;0
3381;3
3382;9
3383;4
3384;2
3385;3
3386;3
3387;4
3388;5
3389;5
3390;5
3391;6
3392;2
3393;1
3394;2
3395;4
3396;4
3397;4
3398;5
3399;4
3400;0
3401;0
3402;6
3403;4
3404;0
3405;0
3406;8
3407;8
3408;0
3409;3
3410;0
3411;4
3412;14
3413;7
3414;2
3415;5
3416;3
3417;2
3418;4
3419;7
3420;6
3421;14
3422;4
3423;3
3424;9
3425;9
3426;9
3427;4
3428;8
3429;10
3430;4
3431;7
3432;3
3433;3
3434;5
3435;5
3436;7
3437;5
3438;2
3439;2
3440;0
3441;2
3442;9
3443;5
3444;0
3445;3
3446;9
3447;5
3448;7
3449;3
3450;0
3451;5
3452;9
3453;5
3454;3
3455;7
3456;5
3457;7
3458;6
3459;3
3460;8
3461;3
3462;9
3463;7
3464;9
3465;5
3466;1
3467;5
3468;8
3469;4
3470;8
3471;2
3472;4
3473;5
3474;5
3475;7
3476;5
3477;3
3478;1
3479;6
3480;0
3481;4
3482;8
3483;2
3484;7
3485;6
3486;8
3487;1
3488;2
3489;5
3490;3
3491;7
3492;10
3493;2
3494;3
3495;3
3496;4
3497;6
3498;5
3499;3
3500;0
3501;2
3502;12
3503;0
3504;0
3505;10
3506;6
3507;8
3508;3
3509;0
3510;2
3511;5
3512;8
3513;3
3514;5
3515;7
3516;7
3517;4
3518;8
3519;4
3520;12
3521;8
3522;3
3523;6
3524;9
3525;5
3526;6
3527;6
3528;3
3529;8
3530;0
3531;3
3532;6
3533;3
3534;5
3535;6
3536;8
3537;1
3538;3
3539;4
3540;0
3541;5
3542;9
3543;5
3544;3
3545;7
3546;5
3547;7
3548;6
3549;3
3550;10
3551;7
3552;5
3553;6
3554;7
3555;4
3556;4
3557;6
3558;2
3559;3
3560;6
3561;7
3562;6
3563;8
3564;5
3565;4
3566;3
3567;7
3568;5
3569;4
3570;8
3571;4
3572;6
3573;1
3574;7
3575;6
3576;7
3577;1
3578;4
3579;2
3580;3
3581;8
3582;3
3583;3
3584;6
3585;2
3586;5
3587;4
3588;1
3589;7
3590;0
3591;4
3592;8
3593;4
3594;3
3595;3
3596;4
3597;2
3598;7
3599;4
3600;0
3601;4
3602;0
3603;0
3604;8
3605;6
3606;0
3607;11
3608;9
3609;0
3610;4
3611;5
3612;9
3613;2
3614;3
3615;7
3616;4
3617;9
3618;13
3619;8
3620;0
3621;9
3622;6
3623;5
3624;9
3625;6
3626;10
3627;2
3628;4
3629;8
3630;0
3631;2
3632;5
3633;2
3634;7
3635;8
3636;2
3637;4
3638;3
3639;4
3640;8
3641;3
3642;9
3643;7
3644;9
3645;5
3646;1
3647;5
3648;8
3649;4
3650;6
3651;7
3652;6
3653;8
3654;5
3655;4
3656;3
3657;7
3658;5
3659;4
3660;0
3661;4
3662;10
3663;2
3664;1
3665;3
3666;5
3667;5
3668;9
3669;0
3670;11
3671;9
3672;2
3673;4
3674;5
3675;7
3676;5
3677;6
3678;2
3679;4
3680;9
3681;13
3682;4
3683;3
3684;8
3685;5
3686;9
3687;2
3688;5
3689;8
3690;0
3691;8
3692;8
3693;4
3694;4
3695;4
3696;0
3697;4
3698;8
3699;4
3700;9
3701;10
3702;8
3703;8
3704;8
3705;8
3706;11
3707;8
3708;8
3709;9
3710;10
3711;8
3712;6
3713;1
3714;2
3715;4
3716;9
3717;4
3718;4
3719;4
3720;8
3721;6
3722;7
3723;7
3724;4
3725;6
3726;2
3727;4
3728;9
3729;7
3730;8
3731;1
3732;7
3733;5
3734;5
3735;1
3736;4
3737;2
3738;4
3739;4
3740;8
3741;2
3742;4
3743;5
3744;5
3745;7
3746;5
3747;3
3748;1
3749;6
3750;8
3751;4
3752;6
3753;1
3754;7
3755;6
3756;7
3757;1
3758;4
3759;2
3760;11
3761;9
3762;2
3763;4
3764;5
3765;7
3766;5
3767;6
3768;2
3769;4
3770;8
3771;4
3772;4
3773;2
3774;3
3775;1
3776;6
3777;5
3778;6
3779;0
3780;8
3781;4
3782;9
3783;4
3784;1
3785;4
3786;2
3787;6
3788;7
3789;4
3790;9
3791;4
3792;7
3793;4
3794;6
3795;2
3796;4
3797;0
3798;4
3799;5
3800;0
3801;3
3802;9
3803;0
3804;0
3805;3
3806;9
3807;8
3808;0
3809;0
3810;3
3811;6
3812;6
3813;3
3814;4
3815;8
3816;13
3817;4
3818;1
3819;4
3820;9
3821;6
3822;10
3823;9
3824;8
3825;3
3826;4
3827;9
3828;5
3829;8
3830;0
3831;3
3832;9
3833;4
3834;2
3835;3
3836;3
3837;4
3838;5
3839;5
3840;0
3841;4
3842;8
3843;2
3844;7
3845;6
3846;8
3847;1
3848;2
3849;5
3850;3
3851;8
3852;3
3853;3
3854;6
3855;2
3856;5
3857;4
3858;1
3859;7
3860;9
3861;13
3862;4
3863;3
3864;8
3865;5
3866;9
3867;2
3868;5
3869;8
3870;8
3871;4
3872;9
3873;4
3874;1
3875;4
3876;2
3877;6
3878;7
3879;4
3880;0
3881;1
3882;5
3883;5
3884;2
3885;1
3886;5
3887;7
3888;2
3889;2
3890;0
3891;4
3892;8
3893;5
3894;5
3895;7
3896;8
3897;4
3898;2
3899;5
3900;0
3901;8
3902;3
3903;5
3904;3
3905;0
3906;0
3907;9
3908;0
3909;0
3910;8
3911;3
3912;7
3913;6
3914;7
3915;4
3916;8
3917;4
3918;4
3919;0
3920;3
3921;7
3922;6
3923;2
3924;10
3925;8
3926;8
3927;7
3928;8
3929;3
3930;5
3931;6
3932;2
3933;1
3934;2
3935;4
3936;4
3937;4
3938;5
3939;4
3940;3
3941;7
3942;10
3943;2
3944;3
3945;3
3946;4
3947;6
3948;5
3949;3
3950;0
3951;4
3952;8
3953;4
3954;3
3955;3
3956;4
3957;2
3958;7
3959;4
3960;0
3961;8
3962;8
3963;4
3964;4
3965;4
3966;0
3967;4
3968;8
3969;4
3970;9
3971;4
3972;7
3973;4
3974;6
3975;2
3976;4
3977;0
3978;4
3979;5
3980;0
3981;4
3982;8
3983;5
3984;5
3985;7
3986;8
3987;4
3988;2
3989;5
3990;0
3991;0
3992;3
3993;4
3994;3
3995;4
3996;4
3997;5
3998;5
3999;0
4000;0
4001;0
4002;0
4003;0
4004;0
4005;0
4006;9
4007;0
4008;0
4009;0
4010;0
4011;0
4012;3
4013;0
4014;0
4015;4
4016;10
4017;3
4018;0
4019;8
4020;0
4021;3
4022;5
4023;6
4024;4
4025;11
4026;8
4027;4
4028;12
4029;2
4030;0
4031;0
4032;6
4033;4
4034;0
4035;0
4036;8
4037;8
4038;0
4039;3
4040;0
4041;0
4042;4
4043;0
4044;0
4045;0
4046;10
4047;0
4048;0
4049;5
4050;0
4051;4
4052;11
4053;0
4054;0
4055;8
4056;9
4057;0
4058;6
4059;3
4060;9
4061;10
4062;8
4063;8
4064;10
4065;9
4066;8
4067;8
4068;11
4069;8
4070;0
4071;3
4072;4
4073;8
4074;0
4075;0
4076;8
4077;3
4078;0
4079;0
4080;0
4081;0
4082;12
4083;0
4084;0
4085;6
4086;11
4087;0
4088;5
4089;0
4090;0
4091;8
4092;2
4093;3
4094;5
4095;3
4096;8
4097;0
4098;0
4099;0
4100;0
4101;0
4102;3
4103;0
4104;0
4105;4
4106;10
4107;3
4108;0
4109;8
4110;0
4111;1
4112;4
4113;4
4114;2
4115;7
4116;8
4117;6
4118;5
4119;1
4120;3
4121;4
4122;7
4123;14
4124;7
4125;8
4126;5
4127;9
4128;10
4129;8
4130;0
4131;4
4132;14
4133;7
4134;2
4135;5
4136;3
4137;2
4138;4
4139;7
4140;0
4141;2
4142;7
4143;2
4144;0
4145;4
4146;7
4147;3
4148;3
4149;6
4150;4
4151;7
4152;8
4153;5
4154;4
4155;2
4156;3
4157;4
4158;6
4159;9
4160;10
4161;8
4162;5
4163;3
4164;7
4165;3
4166;4
4167;2
4168;7
4169;4
4170;3
4171;6
4172;9
4173;2
4174;3
4175;4
4176;2
4177;6
4178;5
4179;3
4180;0
4181;5
4182;10
4183;4
4184;3
4185;6
4186;7
4187;5
4188;4
4189;4
4190;8
4191;1
4192;8
4193;7
4194;6
4195;9
4196;4
4197;3
4198;4
4199;0
4200;0
4201;3
4202;5
4203;6
4204;4
4205;11
4206;8
4207;4
4208;12
4209;2
4210;3
4211;4
4212;7
4213;14
4214;7
4215;8
4216;5
4217;9
4218;10
4219;8
4220;5
4221;7
4222;6
4223;4
4224;6
4225;4
4226;13
4227;7
4228;6
4229;9
4230;6
4231;14
4232;4
4233;3
4234;9
4235;9
4236;9
4237;4
4238;8
4239;10
4240;4
4241;7
4242;6
4243;9
4244;8
4245;6
4246;5
4247;7
4248;11
4249;7
4250;11
4251;8
4252;4
4253;9
4254;6
4255;4
4256;5
4257;9
4258;6
4259;2
4260;8
4261;5
4262;13
4263;9
4264;5
4265;5
4266;9
4267;9
4268;11
4269;6
4270;4
4271;9
4272;7
4273;4
4274;7
4275;9
4276;9
4277;2
4278;5
4279;9
4280;12
4281;10
4282;6
4283;8
4284;11
4285;6
4286;11
4287;5
4288;7
4289;9
4290;2
4291;8
4292;9
4293;10
4294;7
4295;2
4296;6
4297;9
4298;9
4299;3
4300;0
4301;0
4302;6
4303;4
4304;0
4305;0
4306;8
4307;8
4308;0
4309;3
4310;0
4311;4
4312;14
4313;7
4314;2
4315;5
4316;3
4317;2
4318;4
4319;7
4320;6
4321;14
4322;4
4323;3
4324;9
4325;9
4326;9
4327;4
4328;8
4329;10
4330;4
4331;7
4332;3
4333;3
4334;5
4335;5
4336;7
4337;5
4338;2
4339;2
4340;0
4341;2
4342;9
4343;5
4344;0
4345;3
4346;9
4347;5
4348;7
4349;3
4350;0
4351;5
4352;9
4353;5
4354;3
4355;7
4356;5
4357;7
4358;6
4359;3
4360;8
4361;3
4362;9
4363;7
4364;9
4365;5
4366;1
4367;5
4368;8
4369;4
4370;8
4371;2
4372;4
4373;5
4374;5
4375;7
4376;5
4377;3
4378;1
4379;6
4380;0
4381;4
4382;8
4383;2
4384;7
4385;6
4386;8
4387;1
4388;2
4389;5
4390;3
4391;7
4392;10
4393;2
4394;3
4395;3
4396;4
4397;6
4398;5
4399;3
4400;0
4401;0
4402;4
4403;0
4404;0
4405;0
4406;10
4407;0
4408;0
4409;5
4410;0
4411;2
4412;7
4413;2
4414;0
4415;4
4416;7
4417;3
4418;3
4419;6
4420;4
4421;7
4422;6
4423;9
4424;8
4425;6
4426;5
4427;7
4428;11
4429;7
4430;0
4431;2
4432;9
4433;5
4434;0
4435;3
4436;9
4437;5
4438;7
4439;3
4440;0
4441;0
4442;8
4443;0
4444;0
4445;3
4446;6
4447;2
4448;2
4449;1
4450;0
4451;4
4452;6
4453;3
4454;3
4455;5
4456;7
4457;2
4458;3
4459;0
4460;10
4461;7
4462;5
4463;9
4464;6
4465;7
4466;1
4467;1
4468;5
4469;5
4470;0
4471;3
4472;7
4473;5
4474;2
4475;2
4476;1
4477;0
4478;4
4479;2
4480;0
4481;3
4482;11
4483;7
4484;2
4485;3
4486;5
4487;4
4488;5
4489;4
4490;5
4491;6
4492;7
4493;3
4494;1
4495;0
4496;5
4497;2
4498;4
4499;3
4500;0
4501;4
4502;11
4503;0
4504;0
4505;8
4506;9
4507;0
4508;6
4509;3
4510;4
4511;7
4512;8
4513;5
4514;4
4515;2
4516;3
4517;4
4518;6
4519;9
4520;11
4521;8
4522;4
4523;9
4524;6
4525;4
4526;5
4527;9
4528;6
4529;2
4530;0
4531;5
4532;9
4533;5
4534;3
4535;7
4536;5
4537;7
4538;6
4539;3
4540;0
4541;4
4542;6
4543;3
4544;3
4545;5
4546;7
4547;2
4548;3
4549;0
4550;8
4551;2
4552;4
4553;7
4554;5
4555;7
4556;7
4557;6
4558;0
4559;1
4560;9
4561;3
4562;5
4563;5
4564;7
4565;7
4566;6
4567;3
4568;5
4569;4
4570;0
4571;4
4572;9
4573;7
4574;2
4575;6
4576;3
4577;3
4578;5
4579;3
4580;6
4581;6
4582;6
4583;6
4584;3
4585;0
4586;5
4587;5
4588;3
4589;2
4590;3
4591;9
4592;2
4593;3
4594;0
4595;1
4596;4
4597;3
4598;2
4599;4
4600;9
4601;10
4602;8
4603;8
4604;10
4605;9
4606;8
4607;8
4608;11
4609;8
4610;10
4611;8
4612;5
4613;3
4614;7
4615;3
4616;4
4617;2
4618;7
4619;4
4620;8
4621;5
4622;13
4623;9
4624;5
4625;5
4626;9
4627;9
4628;11
4629;6
4630;8
4631;3
4632;9
4633;7
4634;9
4635;5
4636;1
4637;5
4638;8
4639;4
4640;10
4641;7
4642;5
4643;9
4644;6
4645;7
4646;1
4647;1
4648;5
4649;5
4650;9
4651;3
4652;5
4653;5
4654;7
4655;7
4656;6
4657;3
4658;5
4659;4
4660;8
4661;4
4662;9
4663;1
4664;1
4665;6
4666;5
4667;6
4668;6
4669;2
4670;8
4671;2
4672;9
4673;5
4674;1
4675;3
4676;6
4677;8
4678;8
4679;1
4680;11
4681;7
4682;11
4683;8
4684;5
4685;5
4686;6
4687;8
4688;9
4689;4
4690;8
4691;4
4692;6
4693;4
4694;5
4695;4
4696;2
4697;1
4698;4
4699;5
4700;0
4701;3
4702;4
4703;8
4704;0
4705;0
4706;8
4707;3
4708;0
4709;0
4710;3
4711;6
4712;9
4713;2
4714;3
4715;4
4716;2
4717;6
4718;5
4719;3
4720;4
4721;9
4722;7
4723;4
4724;7
4725;9
4726;9
4727;2
4728;5
4729;9
4730;8
4731;2
4732;4
4733;5
4734;5
4735;7
4736;5
4737;3
4738;1
4739;6
4740;0
4741;3
4742;7
4743;5
4744;2
4745;2
4746;1
4747;0
4748;4
4749;2
4750;0
4751;4
4752;9
4753;7
4754;2
4755;6
4756;3
4757;3
4758;5
4759;3
4760;8
4761;2
4762;9
4763;5
4764;1
4765;3
4766;6
4767;8
4768;8
4769;1
4770;3
4771;6
4772;2
4773;3
4774;0
4775;3
4776;8
4777;2
4778;2
4779;4
4780;0
4781;5
4782;5
4783;1
4784;4
4785;5
4786;8
4787;2
4788;2
4789;4
4790;0
4791;3
4792;9
4793;6
4794;2
4795;3
4796;1
4797;4
4798;4
4799;5
4800;0
4801;0
4802;12
4803;0
4804;0
4805;6
4806;11
4807;0
4808;5
4809;0
4810;0
4811;5
4812;10
4813;4
4814;3
4815;6
4816;7
4817;5
4818;4
4819;4
4820;12
4821;10
4822;6
4823;8
4824;11
4825;6
4826;11
4827;5
4828;7
4829;9
4830;0
4831;4
4832;8
4833;2
4834;7
4835;6
4836;8
4837;1
4838;2
4839;5
4840;0
4841;3
4842;11
4843;7
4844;2
4845;3
4846;5
4847;4
4848;5
4849;4
4850;6
4851;6
4852;6
4853;6
4854;3
4855;0
4856;5
4857;5
4858;3
4859;2
4860;11
4861;7
4862;11
4863;8
4864;5
4865;5
4866;6
4867;8
4868;9
4869;4
4870;0
4871;5
4872;5
4873;1
4874;4
4875;5
4876;8
4877;2
4878;2
4879;4
4880;5
4881;4
4882;7
4883;2
4884;5
4885;3
4886;9
4887;2
4888;2
4889;3
4890;0
4891;4
4892;9
4893;5
4894;4
4895;2
4896;4
4897;4
4898;3
4899;0
4900;0
4901;8
4902;2
4903;3
4904;5
4905;3
4906;8
4907;0
4908;0
4909;0
4910;8
4911;1
4912;8
4913;7
4914;6
4915;9
4916;4
4917;3
4918;4
4919;0
4920;2
4921;8
4922;9
4923;10
4924;7
4925;2
4926;6
4927;9
4928;9
4929;3
4930;3
4931;7
4932;10
4933;2
4934;3
4935;3
4936;4
4937;6
4938;5
4939;3
4940;5
4941;6
4942;7
4943;3
4944;1
4945;0
4946;5
4947;2
4948;4
4949;3
4950;3
4951;9
4952;2
4953;3
4954;0
4955;1
4956;4
4957;3
4958;2
4959;4
4960;8
4961;4
4962;6
4963;4
4964;5
4965;4
4966;2
4967;1
4968;4
4969;5
4970;0
4971;3
4972;9
4973;6
4974;2
4975;3
4976;1
4977;4
4978;4
4979;5
4980;0
4981;4
4982;9
4983;5
4984;4
4985;2
4986;4
4987;4
4988;3
4989;0
4990;0
4991;0
4992;3
4993;3
4994;3
4995;4
4996;5
4997;5
4998;0
4999;0
5000;0
5001;0
5002;6
5003;0
5004;0
5005;9
5006;0
5007;0
5008;0
5009;0
5010;0
5011;3
5012;10
5013;2
5014;4
5015;10
5016;3
5017;0
5018;0
5019;8
5020;6
5021;10
5022;8
5023;12
5024;11
5025;14
5026;8
5027;11
5028;14
5029;8
5030;0
5031;2
5032;12
5033;0
5034;0
5035;10
5036;6
5037;8
5038;3
5039;0
5040;0
5041;4
5042;11
5043;0
5044;0
5045;8
5046;9
5047;0
5048;6
5049;3
5050;9
5051;10
5052;14
5053;10
5054;8
5055;8
5056;8
5057;9
5058;8
5059;9
5060;0
5061;3
5062;8
5063;6
5064;9
5065;8
5066;0
5067;0
5068;2
5069;3
5070;0
5071;0
5072;11
5073;8
5074;0
5075;9
5076;0
5077;0
5078;3
5079;2
5080;0
5081;0
5082;14
5083;3
5084;6
5085;8
5086;2
5087;3
5088;0
5089;0
5090;0
5091;8
5092;8
5093;0
5094;3
5095;9
5096;3
5097;2
5098;0
5099;0
5100;0
5101;3
5102;10
5103;2
5104;4
5105;10
5106;3
5107;0
5108;0
5109;8
5110;3
5111;3
5112;9
5113;5
5114;7
5115;8
5116;6
5117;3
5118;1
5119;0
5120;10
5121;9
5122;8
5123;8
5124;8
5125;5
5126;5
5127;7
5128;10
5129;3
5130;2
5131;5
5132;8
5133;3
5134;5
5135;7
5136;7
5137;4
5138;8
5139;4
5140;4
5141;7
5142;8
5143;5
5144;4
5145;2
5146;3
5147;4
5148;6
5149;9
5150;10
5151;8
5152;5
5153;7
5154;2
5155;1
5156;2
5157;3
5158;5
5159;6
5160;3
5161;6
5162;5
5163;7
5164;3
5165;2
5166;1
5167;2
5168;5
5169;7
5170;0
5171;3
5172;7
5173;4
5174;4
5175;3
5176;2
5177;3
5178;6
5179;6
5180;0
5181;1
5182;10
5183;8
5184;6
5185;5
5186;5
5187;6
5188;6
5189;3
5190;8
5191;0
5192;3
5193;4
5194;9
5195;6
5196;7
5197;6
5198;3
5199;1
5200;6
5201;10
5202;8
5203;12
5204;11
5205;14
5206;8
5207;11
5208;14
5209;8
5210;10
5211;9
5212;8
5213;8
5214;8
5215;5
5216;5
5217;7
5218;10
5219;3
5220;8
5221;8
5222;7
5223;3
5224;4
5225;6
5226;8
5227;0
5228;8
5229;6
5230;12
5231;8
5232;3
5233;6
5234;9
5235;5
5236;6
5237;6
5238;3
5239;8
5240;11
5241;8
5242;4
5243;9
5244;6
5245;4
5246;5
5247;9
5248;6
5249;2
5250;14
5251;5
5252;6
5253;5
5254;4
5255;7
5256;4
5257;2
5258;6
5259;6
5260;8
5261;5
5262;8
5263;6
5264;5
5265;4
5266;5
5267;6
5268;7
5269;4
5270;11
5271;7
5272;0
5273;6
5274;9
5275;2
5276;6
5277;5
5278;3
5279;6
5280;14
5281;10
5282;8
5283;3
5284;6
5285;6
5286;7
5287;3
5288;6
5289;8
5290;8
5291;3
5292;6
5293;8
5294;2
5295;6
5296;4
5297;6
5298;8
5299;5
5300;0
5301;2
5302;12
5303;0
5304;0
5305;10
5306;6
5307;8
5308;3
5309;0
5310;2
5311;5
5312;8
5313;3
5314;5
5315;7
5316;7
5317;4
5318;8
5319;4
5320;12
5321;8
5322;3
5323;6
5324;9
5325;5
5326;6
5327;6
5328;3
5329;8
5330;0
5331;3
5332;6
5333;3
5334;5
5335;6
5336;8
5337;1
5338;3
5339;4
5340;0
5341;5
5342;9
5343;5
5344;3
5345;7
5346;5
5347;7
5348;6
5349;3
5350;10
5351;7
5352;5
5353;6
5354;7
5355;4
5356;4
5357;6
5358;2
5359;3
5360;6
5361;7
5362;6
5363;8
5364;5
5365;4
5366;3
5367;7
5368;5
5369;4
5370;8
5371;4
5372;6
5373;1
5374;7
5375;6
5376;7
5377;1
5378;4
5379;2
5380;3
5381;8
5382;3
5383;3
5384;6
5385;2
5386;5
5387;4
5388;1
5389;7
5390;0
5391;4
5392;8
5393;4
5394;3
5395;3
5396;4
5397;2
5398;7
5399;4
5400;0
5401;4
5402;11
5403;0
5404;0
5405;8
5406;9
5407;0
5408;6
5409;3
5410;4
5411;7
5412;8
5413;5
5414;4
5415;2
5416;3
5417;4
5418;6
5419;9
5420;11
5421;8
5422;4
5423;9
5424;6
5425;4
5426;5
5427;9
5428;6
5429;2
5430;0
5431;5
5432;9
5433;5
5434;3
5435;7
5436;5
5437;7
5438;6
5439;3
5440;0
5441;4
5442;6
5443;3
5444;3
5445;5
5446;7
5447;2
5448;3
5449;0
5450;8
5451;2
5452;4
5453;7
5454;5
5455;7
5456;7
5457;6
5458;0
5459;1
5460;9
5461;3
5462;5
5463;5
5464;7
5465;7
5466;6
5467;3
5468;5
5469;4
5470;0
5471;4
5472;9
5473;7
5474;2
5475;6
5476;3
5477;3
5478;5
5479;3
5480;6
5481;6
5482;6
5483;6
5484;3
5485;0
5486;5
5487;5
5488;3
5489;2
5490;3
5491;9
5492;2
5493;3
5494;0
5495;1
5496;4
5497;3
5498;2
5499;4
5500;9
5501;10
5502;14
5503;10
5504;8
5505;8
5506;8
5507;9
5508;8
5509;9
5510;10
5511;8
5512;5
5513;7
5514;2
5515;1
5516;2
5517;3
5518;5
5519;6
5520;14
5521;5
5522;6
5523;5
5524;4
5525;7
5526;4
5527;2
5528;6
5529;6
5530;10
5531;7
5532;5
5533;6
5534;7
5535;4
5536;4
5537;6
5538;2
5539;3
5540;8
5541;2
5542;4
5543;7
5544;5
5545;7
5546;7
5547;6
5548;0
5549;1
5550;8
5551;1
5552;7
5553;4
5554;7
5555;5
5556;5
5557;2
5558;3
5559;1
5560;8
5561;2
5562;4
5563;4
5564;7
5565;5
5566;5
5567;6
5568;3
5569;3
5570;9
5571;3
5572;2
5573;6
5574;6
5575;2
5576;6
5577;5
5578;5
5579;4
5580;8
5581;5
5582;6
5583;2
5584;0
5585;3
5586;3
5587;5
5588;5
5589;5
5590;9
5591;6
5592;6
5593;3
5594;1
5595;1
5596;3
5597;4
5598;5
5599;5
5600;0
5601;3
5602;8
5603;6
5604;9
5605;8
5606;0
5607;0
5608;2
5609;3
5610;3
5611;6
5612;5
5613;7
5614;3
5615;2
5616;1
5617;2
5618;5
5619;7
5620;8
5621;5
5622;8
5623;6
5624;5
5625;4
5626;5
5627;6
5628;7
5629;4
5630;6
5631;7
5632;6
5633;8
5634;5
5635;4
5636;3
5637;7
5638;5
5639;4
5640;9
5641;3
5642;5
5643;5
5644;7
5645;7
5646;6
5647;3
5648;5
5649;4
5650;8
5651;2
5652;4
5653;4
5654;7
5655;5
5656;5
5657;6
5658;3
5659;3
5660;0
5661;1
5662;5
5663;3
5664;6
5665;5
5666;4
5667;2
5668;0
5669;1
5670;0
5671;2
5672;6
5673;7
5674;3
5675;6
5676;2
5677;3
5678;8
5679;1
5680;2
5681;5
5682;7
5683;5
5684;5
5685;3
5686;0
5687;8
5688;4
5689;2
5690;3
5691;7
5692;4
5693;4
5694;4
5695;3
5696;1
5697;1
5698;2
5699;2
5700;0
5701;0
5702;11
5703;8
5704;0
5705;9
5706;0
5707;0
5708;3
5709;2
5710;0
5711;3
5712;7
5713;4
5714;4
5715;3
5716;2
5717;3
5718;6
5719;6
5720;11
5721;7
5722;0
5723;6
5724;9
5725;2
5726;6
5727;5
5728;3
5729;6
5730;8
5731;4
5732;6
5733;1
5734;7
5735;6
5736;7
5737;1
5738;4
5739;2
5740;0
5741;4
5742;9
5743;7
5744;2
5745;6
5746;3
5747;3
5748;5
5749;3
5750;9
5751;3
5752;2
5753;6
5754;6
5755;2
5756;6
5757;5
5758;5
5759;4
5760;0
5761;2
5762;6
5763;7
5764;3
5765;6
5766;2
5767;3
5768;8
5769;1
5770;0
5771;3
5772;5
5773;1
5774;3
5775;5
5776;3
5777;2
5778;1
5779;2
5780;3
5781;6
5782;3
5783;4
5784;5
5785;5
5786;8
5787;1
5788;0
5789;5
5790;2
5791;6
5792;6
5793;2
5794;3
5795;4
5796;1
5797;2
5798;5
5799;0
5800;0
5801;0
5802;14
5803;3
5804;6
5805;8
5806;2
5807;3
5808;0
5809;0
5810;0
5811;1
5812;10
5813;8
5814;6
5815;5
5816;5
5817;6
5818;6
5819;3
5820;14
5821;10
5822;8
5823;3
5824;6
5825;6
5826;7
5827;3
5828;6
5829;8
5830;3
5831;8
5832;3
5833;3
5834;6
5835;2
5836;5
5837;4
5838;1
5839;7
5840;6
5841;6
5842;6
5843;6
5844;3
5845;0
5846;5
5847;5
5848;3
5849;2
5850;8
5851;5
5852;6
5853;2
5854;0
5855;3
5856;3
5857;5
5858;5
5859;5
5860;2
5861;5
5862;7
5863;5
5864;5
5865;3
5866;0
5867;8
5868;4
5869;2
5870;3
5871;6
5872;3
5873;4
5874;5
5875;5
5876;8
5877;1
5878;0
5879;5
5880;0
5881;6
5882;6
5883;1
5884;3
5885;5
5886;4
5887;0
5888;2
5889;2
5890;0
5891;3
5892;8
5893;7
5894;2
5895;5
5896;2
5897;5
5898;2
5899;0
5900;0
5901;8
5902;8
5903;0
5904;3
5905;9
5906;3
5907;2
5908;0
5909;0
5910;8
5911;0
5912;3
5913;4
5914;9
5915;6
5916;7
5917;6
5918;3
5919;1
5920;8
5921;3
5922;6
5923;8
5924;2
5925;6
5926;4
5927;6
5928;8
5929;5
5930;0
5931;4
5932;8
5933;4
5934;3
5935;3
5936;4
5937;2
5938;7
5939;4
5940;3
5941;9
5942;2
5943;3
5944;0
5945;1
5946;4
5947;3
5948;2
5949;4
5950;9
5951;6
5952;6
5953;3
5954;1
5955;1
5956;3
5957;4
5958;5
5959;5
5960;3
5961;7
5962;4
5963;4
5964;4
5965;3
5966;1
5967;1
5968;2
5969;2
5970;2
5971;6
5972;6
5973;2
5974;3
5975;4
5976;1
5977;2
5978;5
5979;0
5980;0
5981;3
5982;8
5983;7
5984;2
5985;5
5986;2
5987;5
5988;2
5989;0
5990;0
5991;1
5992;5
5993;4
5994;4
5995;5
5996;2
5997;0
5998;0
5999;2
6000;0
6001;0
6002;0
6003;0
6004;9
6005;0
6006;0
6007;0
6008;0
6009;0
6010;0
6011;0
6012;2
6013;4
6014;10
6015;3
6016;0
6017;0
6018;0
6019;8
6020;0
6021;2
6022;10
6023;0
6024;8
6025;8
6026;3
6027;5
6028;11
6029;0
6030;0
6031;4
6032;0
6033;0
6034;8
6035;6
6036;0
6037;11
6038;9
6039;0
6040;9
6041;10
6042;8
6043;8
6044;10
6045;9
6046;8
6047;8
6048;11
6049;8
6050;0
6051;3
6052;8
6053;6
6054;9
6055;8
6056;0
6057;0
6058;2
6059;3
6060;0
6061;0
6062;3
6063;0
6064;8
6065;0
6066;0
6067;0
6068;0
6069;5
6070;0
6071;0
6072;5
6073;11
6074;8
6075;0
6076;0
6077;0
6078;0
6079;3
6080;0
6081;0
6082;11
6083;9
6084;11
6085;2
6086;0
6087;0
6088;3
6089;0
6090;0
6091;8
6092;0
6093;0
6094;8
6095;3
6096;5
6097;3
6098;0
6099;0
6100;0
6101;0
6102;2
6103;4
6104;10
6105;3
6106;0
6107;0
6108;0
6109;8
6110;0
6111;1
6112;8
6113;5
6114;8
6115;6
6116;3
6117;1
6118;2
6119;0
6120;2
6121;8
6122;12
6123;9
6124;5
6125;5
6126;8
6127;8
6128;12
6129;3
6130;4
6131;5
6132;9
6133;2
6134;3
6135;7
6136;4
6137;9
6138;13
6139;8
6140;10
6141;8
6142;5
6143;3
6144;7
6145;3
6146;4
6147;2
6148;7
6149;4
6150;3
6151;6
6152;5
6153;7
6154;3
6155;2
6156;1
6157;2
6158;5
6159;7
6160;0
6161;3
6162;8
6163;4
6164;4
6165;1
6166;0
6167;0
6168;3
6169;6
6170;0
6171;1
6172;8
6173;9
6174;2
6175;2
6176;0
6177;0
6178;2
6179;7
6180;0
6181;2
6182;12
6183;13
6184;7
6185;5
6186;3
6187;2
6188;6
6189;3
6190;8
6191;0
6192;3
6193;8
6194;4
6195;7
6196;6
6197;7
6198;3
6199;0
6200;0
6201;2
6202;10
6203;0
6204;8
6205;8
6206;3
6207;5
6208;11
6209;0
6210;2
6211;8
6212;12
6213;9
6214;5
6215;5
6216;8
6217;8
6218;12
6219;3
6220;10
6221;12
6222;4
6223;6
6224;13
6225;8
6226;3
6227;4
6228;9
6229;6
6230;0
6231;9
6232;6
6233;5
6234;9
6235;6
6236;10
6237;2
6238;4
6239;8
6240;8
6241;5
6242;13
6243;9
6244;5
6245;5
6246;9
6247;9
6248;11
6249;6
6250;8
6251;5
6252;8
6253;6
6254;5
6255;4
6256;5
6257;6
6258;7
6259;4
6260;3
6261;8
6262;3
6263;10
6264;9
6265;5
6266;1
6267;6
6268;11
6269;2
6270;5
6271;8
6272;4
6273;2
6274;9
6275;6
6276;6
6277;4
6278;4
6279;8
6280;11
6281;12
6282;9
6283;4
6284;11
6285;7
6286;11
6287;4
6288;4
6289;7
6290;0
6291;3
6292;6
6293;8
6294;6
6295;4
6296;2
6297;8
6298;7
6299;4
6300;0
6301;4
6302;0
6303;0
6304;8
6305;6
6306;0
6307;11
6308;9
6309;0
6310;4
6311;5
6312;9
6313;2
6314;3
6315;7
6316;4
6317;9
6318;13
6319;8
6320;0
6321;9
6322;6
6323;5
6324;9
6325;6
6326;10
6327;2
6328;4
6329;8
6330;0
6331;2
6332;5
6333;2
6334;7
6335;8
6336;2
6337;4
6338;3
6339;4
6340;8
6341;3
6342;9
6343;7
6344;9
6345;5
6346;1
6347;5
6348;8
6349;4
6350;6
6351;7
6352;6
6353;8
6354;5
6355;4
6356;3
6357;7
6358;5
6359;4
6360;0
6361;4
6362;10
6363;2
6364;1
6365;3
6366;5
6367;5
6368;9
6369;0
6370;11
6371;9
6372;2
6373;4
6374;5
6375;7
6376;5
6377;6
6378;2
6379;4
6380;9
6381;13
6382;4
6383;3
6384;8
6385;5
6386;9
6387;2
6388;5
6389;8
6390;0
6391;8
6392;8
6393;4
6394;4
6395;4
6396;0
6397;4
6398;8
6399;4
6400;9
6401;10
6402;8
6403;8
6404;10
6405;9
6406;8
6407;8
6408;11
6409;8
6410;10
6411;8
6412;5
6413;3
6414;7
6415;3
6416;4
6417;2
6418;7
6419;4
6420;8
6421;5
6422;13
6423;9
6424;5
6425;5
6426;9
6427;9
6428;11
6429;6
6430;8
6431;3
6432;9
6433;7
6434;9
6435;5
6436;1
6437;5
6438;8
6439;4
6440;10
6441;7
6442;5
6443;9
6444;6
6445;7
6446;1
6447;1
6448;5
6449;5
6450;9
6451;3
6452;5
6453;5
6454;7
6455;7
6456;6
6457;3
6458;5
6459;4
6460;8
6461;4
6462;9
6463;1
6464;1
6465;6
6466;5
6467;6
6468;6
6469;2
6470;8
6471;2
6472;9
6473;5
6474;1
6475;3
6476;6
6477;8
6478;8
6479;1
6480;11
6481;7
6482;11
6483;8
6484;5
6485;5
6486;6
6487;8
6488;9
6489;4
6490;8
6491;4
6492;6
6493;4
6494;5
6495;4
6496;2
6497;1
6498;4
6499;5
6500;0
6501;3
6502;8
6503;6
6504;9
6505;8
6506;0
6507;0
6508;2
6509;3
6510;3
6511;6
6512;5
6513;7
6514;3
6515;2
6516;1
6517;2
6518;5
6519;7
6520;8
6521;5
6522;8
6523;6
6524;5
6525;4
6526;5
6527;6
6528;7
6529;4
6530;6
6531;7
6532;6
6533;8
6534;5
6535;4
6536;3
6537;7
6538;5
6539;4
6540;9
6541;3
6542;5
6543;5
6544;7
6545;7
6546;6
6547;3
6548;5
6549;4
6550;8
6551;2
6552;4
6553;4
6554;7
6555;5
6556;5
6557;6
6558;3
6559;3
6560;0
6561;1
6562;5
6563;3
6564;6
6565;5
6566;4
6567;2
6568;0
6569;1
6570;0
6571;2
6572;6
6573;7
6574;3
6575;6
6576;2
6577;3
6578;8
6579;1
6580;2
6581;5
6582;7
6583;5
6584;5
6585;3
6586;0
6587;8
6588;4
6589;2
6590;3
6591;7
6592;4
6593;4
6594;4
6595;3
6596;1
6597;1
6598;2
6599;2
6600;0
6601;0
6602;3
6603;0
6604;8
6605;0
6606;0
6607;0
6608;0
6609;5
6610;0
6611;3
6612;8
6613;4
6614;4
6615;1
6616;0
6617;0
6618;3
6619;6
6620;3
6621;8
6622;3
6623;10
6624;9
6625;5
6626;1
6627;6
6628;11
6629;2
6630;0
6631;4
6632;10
6633;2
6634;1
6635;3
6636;5
6637;5
6638;9
6639;0
6640;8
6641;4
6642;9
6643;1
6644;1
6645;6
6646;5
6647;6
6648;6
6649;2
6650;0
6651;1
6652;5
6653;3
6654;6
6655;5
6656;4
6657;2
6658;0
6659;1
6660;0
6661;0
6662;1
6663;5
6664;5
6665;4
6666;0
6667;0
6668;3
6669;3
6670;0
6671;0
6672;6
6673;5
6674;6
6675;2
6676;0
6677;0
6678;2
6679;2
6680;0
6681;3
6682;11
6683;9
6684;6
6685;0
6686;3
6687;2
6688;3
6689;3
6690;5
6691;6
6692;2
6693;0
6694;2
6695;1
6696;3
6697;2
6698;3
6699;2
6700;0
6701;0
6702;5
6703;11
6704;8
6705;0
6706;0
6707;0
6708;0
6709;3
6710;0
6711;1
6712;8
6713;9
6714;2
6715;2
6716;0
6717;0
6718;2
6719;7
6720;5
6721;8
6722;4
6723;2
6724;9
6725;6
6726;6
6727;4
6728;4
6729;8
6730;11
6731;9
6732;2
6733;4
6734;5
6735;7
6736;5
6737;6
6738;2
6739;4
6740;8
6741;2
6742;9
6743;5
6744;1
6745;3
6746;6
6747;8
6748;8
6749;1
6750;0
6751;2
6752;6
6753;7
6754;3
6755;6
6756;2
6757;3
6758;8
6759;1
6760;0
6761;0
6762;6
6763;5
6764;6
6765;2
6766;0
6767;0
6768;2
6769;2
6770;0
6771;0
6772;4
6773;6
6774;8
6775;3
6776;0
6777;0
6778;0
6779;2
6780;0
6781;2
6782;4
6783;2
6784;8
6785;8
6786;2
6787;0
6788;2
6789;5
6790;3
6791;7
6792;8
6793;4
6794;1
6795;1
6796;2
6797;2
6798;5
6799;3
6800;0
6801;0
6802;11
6803;9
6804;11
6805;2
6806;0
6807;0
6808;3
6809;0
6810;0
6811;2
6812;12
6813;13
6814;7
6815;5
6816;3
6817;2
6818;6
6819;3
6820;11
6821;12
6822;9
6823;4
6824;11
6825;7
6826;11
6827;4
6828;4
6829;7
6830;9
6831;13
6832;4
6833;3
6834;8
6835;5
6836;9
6837;2
6838;5
6839;8
6840;11
6841;7
6842;11
6843;8
6844;5
6845;5
6846;6
6847;8
6848;9
6849;4
6850;2
6851;5
6852;7
6853;5
6854;5
6855;3
6856;0
6857;8
6858;4
6859;2
6860;0
6861;3
6862;11
6863;9
6864;6
6865;0
6866;3
6867;2
6868;3
6869;3
6870;0
6871;2
6872;4
6873;2
6874;8
6875;8
6876;2
6877;0
6878;2
6879;5
6880;3
6881;6
6882;4
6883;5
6884;9
6885;4
6886;3
6887;2
6888;0
6889;2
6890;0
6891;3
6892;7
6893;8
6894;4
6895;2
6896;3
6897;5
6898;2
6899;0
6900;0
6901;8
6902;0
6903;0
6904;8
6905;3
6906;5
6907;3
6908;0
6909;0
6910;8
6911;0
6912;3
6913;8
6914;4
6915;7
6916;6
6917;7
6918;3
6919;0
6920;0
6921;3
6922;6
6923;8
6924;6
6925;4
6926;2
6927;8
6928;7
6929;4
6930;0
6931;8
6932;8
6933;4
6934;4
6935;4
6936;0
6937;4
6938;8
6939;4
6940;8
6941;4
6942;6
6943;4
6944;5
6945;4
6946;2
6947;1
6948;4
6949;5
6950;3
6951;7
6952;4
6953;4
6954;4
6955;3
6956;1
6957;1
6958;2
6959;2
6960;5
6961;6
6962;2
6963;0
6964;2
6965;1
6966;3
6967;2
6968;3
6969;2
6970;3
6971;7
6972;8
6973;4
6974;1
6975;1
6976;2
6977;2
6978;5
6979;3
6980;0
6981;3
6982;7
6983;8
6984;4
6985;2
6986;3
6987;5
6988;2
6989;0
6990;0
6991;0
6992;4
6993;4
6994;5
6995;2
6996;2
6997;3
6998;0
6999;0
7000;0
7001;0
7002;0
7003;9
7004;0
7005;0
7006;0
7007;0
7008;0
7009;0
7010;0
7011;0
7012;4
7013;10
7014;3
7015;0
7016;0
7017;0
7018;0
7019;8
7020;0
7021;4
7022;2
7023;8
7024;4
7025;11
7026;5
7027;0
7028;8
7029;0
7030;9
7031;10
7032;8
7033;8
7034;8
7035;8
7036;11
7037;8
7038;8
7039;9
7040;0
7041;3
7042;4
7043;8
7044;0
7045;0
7046;8
7047;3
7048;0
7049;0
7050;0
7051;0
7052;11
7053;8
7054;0
7055;9
7056;0
7057;0
7058;3
7059;2
7060;0
7061;0
7062;5
7063;11
7064;8
7065;0
7066;0
7067;0
7068;0
7069;3
7070;0
7071;0
7072;0
7073;8
7074;3
7075;0
7076;0
7077;0
7078;0
7079;5
7080;0
7081;0
7082;8
7083;8
7084;0
7085;3
7086;0
7087;0
7088;0
7089;3
7090;0
7091;8
7092;0
7093;9
7094;0
7095;2
7096;3
7097;5
7098;3
7099;0
7100;0
7101;0
7102;4
7103;10
7104;3
7105;0
7106;0
7107;0
7108;0
7109;8
7110;0
7111;2
7112;6
7113;8
7114;6
7115;3
7116;1
7117;0
7118;0
7119;0
7120;4
7121;6
7122;7
7123;6
7124;9
7125;7
7126;8
7127;2
7128;6
7129;4
7130;10
7131;8
7132;6
7133;1
7134;2
7135;4
7136;9
7137;4
7138;4
7139;4
7140;3
7141;6
7142;9
7143;2
7144;3
7145;4
7146;2
7147;6
7148;5
7149;3
7150;0
7151;3
7152;7
7153;4
7154;4
7155;3
7156;2
7157;3
7158;6
7159;6
7160;0
7161;1
7162;8
7163;9
7164;2
7165;2
7166;0
7167;0
7168;2
7169;7
7170;0
7171;0
7172;2
7173;4
7174;6
7175;3
7176;0
7177;0
7178;2
7179;6
7180;0
7181;0
7182;6
7183;4
7184;5
7185;6
7186;2
7187;2
7188;2
7189;7
7190;8
7191;0
7192;4
7193;4
7194;3
7195;6
7196;7
7197;6
7198;7
7199;3
7200;0
7201;4
7202;2
7203;8
7204;4
7205;11
7206;5
7207;0
7208;8
7209;0
7210;4
7211;6
7212;7
7213;6
7214;9
7215;7
7216;8
7217;2
7218;6
7219;4
7220;2
7221;7
7222;5
7223;7
7224;7
7225;0
7226;4
7227;5
7228;5
7229;2
7230;8
7231;6
7232;7
7233;7
7234;4
7235;6
7236;2
7237;4
7238;9
7239;7
7240;4
7241;9
7242;7
7243;4
7244;7
7245;9
7246;9
7247;2
7248;5
7249;9
7250;11
7251;7
7252;0
7253;6
7254;9
7255;2
7256;6
7257;5
7258;3
7259;6
7260;5
7261;8
7262;4
7263;2
7264;9
7265;6
7266;6
7267;4
7268;4
7269;8
7270;0
7271;2
7272;5
7273;4
7274;2
7275;5
7276;4
7277;2
7278;7
7279;4
7280;8
7281;6
7282;5
7283;9
7284;5
7285;3
7286;4
7287;7
7288;6
7289;3
7290;0
7291;4
7292;2
7293;7
7294;9
7295;6
7296;8
7297;4
7298;3
7299;4
7300;9
7301;10
7302;8
7303;8
7304;8
7305;8
7306;11
7307;8
7308;8
7309;9
7310;10
7311;8
7312;6
7313;1
7314;2
7315;4
7316;9
7317;4
7318;4
7319;4
7320;8
7321;6
7322;7
7323;7
7324;4
7325;6
7326;2
7327;4
7328;9
7329;7
7330;8
7331;1
7332;7
7333;5
7334;5
7335;1
7336;4
7337;2
7338;4
7339;4
7340;8
7341;2
7342;4
7343;5
7344;5
7345;7
7346;5
7347;3
7348;1
7349;6
7350;8
7351;4
7352;6
7353;1
7354;7
7355;6
7356;7
7357;1
7358;4
7359;2
7360;11
7361;9
7362;2
7363;4
7364;5
7365;7
7366;5
7367;6
7368;2
7369;4
7370;8
7371;4
7372;4
7373;2
7374;3
7375;1
7376;6
7377;5
7378;6
7379;0
7380;8
7381;4
7382;9
7383;4
7384;1
7385;4
7386;2
7387;6
7388;7
7389;4
7390;9
7391;4
7392;7
7393;4
7394;6
7395;2
7396;4
7397;0
7398;4
7399;5
7400;0
7401;3
7402;4
7403;8
7404;0
7405;0
7406;8
7407;3
7408;0
7409;0
7410;3
7411;6
7412;9
7413;2
7414;3
7415;4
7416;2
7417;6
7418;5
7419;3
7420;4
7421;9
7422;7
7423;4
7424;7
7425;9
7426;9
7427;2
7428;5
7429;9
7430;8
7431;2
7432;4
7433;5
7434;5
7435;7
7436;5
7437;3
7438;1
7439;6
7440;0
7441;3
7442;7
7443;5
7444;2
7445;2
7446;1
7447;0
7448;4
7449;2
7450;0
7451;4
7452;9
7453;7
7454;2
7455;6
7456;3
7457;3
7458;5
7459;3
7460;8
7461;2
7462;9
7463;5
7464;1
7465;3
7466;6
7467;8
7468;8
7469;1
7470;3
7471;6
7472;2
7473;3
7474;0
7475;3
7476;8
7477;2
7478;2
7479;4
7480;0
7481;5
7482;5
7483;1
7484;4
7485;5
7486;8
7487;2
7488;2
7489;4
7490;0
7491;3
7492;9
7493;6
7494;2
7495;3
7496;1
7497;4
7498;4
7499;5
7500;0
7501;0
7502;11
7503;8
7504;0
7505;9
7506;0
7507;0
7508;3
7509;2
7510;0
7511;3
7512;7
7513;4
7514;4
7515;3
7516;2
7517;3
7518;6
7519;6
7520;11
7521;7
7522;0
7523;6
7524;9
7525;2
7526;6
7527;5
7528;3
7529;6
7530;8
7531;4
7532;6
7533;1
7534;7
7535;6
7536;7
7537;1
7538;4
7539;2
7540;0
7541;4
7542;9
7543;7
7544;2
7545;6
7546;3
7547;3
7548;5
7549;3
7550;9
7551;3
7552;2
7553;6
7554;6
7555;2
7556;6
7557;5
7558;5
7559;4
7560;0
7561;2
7562;6
7563;7
7564;3
7565;6
7566;2
7567;3
7568;8
7569;1
7570;0
7571;3
7572;5
7573;1
7574;3
7575;5
7576;3
7577;2
7578;1
7579;2
7580;3
7581;6
7582;3
7583;4
7584;5
7585;5
7586;8
7587;1
7588;0
7589;5
7590;2
7591;6
7592;6
7593;2
7594;3
7595;4
7596;1
7597;2
7598;5
7599;0
7600;0
7601;0
7602;5
7603;11
7604;8
7605;0
7606;0
7607;0
7608;0
7609;3
7610;0
7611;1
7612;8
7613;9
7614;2
7615;2
7616;0
7617;0
7618;2
7619;7
7620;5
7621;8
7622;4
7623;2
7624;9
7625;6
7626;6
7627;4
7628;4
7629;8
7630;11
7631;9
7632;2
7633;4
7634;5
7635;7
7636;5
7637;6
7638;2
7639;4
7640;8
7641;2
7642;9
7643;5
7644;1
7645;3
7646;6
7647;8
7648;8
7649;1
7650;0
7651;2
7652;6
7653;7
7654;3
7655;6
7656;2
7657;3
7658;8
7659;1
7660;0
7661;0
7662;6
7663;5
7664;6
7665;2
7666;0
7667;0
7668;2
7669;2
7670;0
7671;0
7672;4
7673;6
7674;8
7675;3
7676;0
7677;0
7678;0
7679;2
7680;0
7681;2
7682;4
7683;2
7684;8
7685;8
7686;2
7687;0
7688;2
7689;5
7690;3
7691;7
7692;8
7693;4
7694;1
7695;1
7696;2
7697;2
7698;5
7699;3
7700;0
7701;0
7702;0
7703;8
7704;3
7705;0
7706;0
7707;0
7708;0
7709;5
7710;0
7711;0
7712;2
7713;4
7714;6
7715;3
7716;0
7717;0
7718;2
7719;6
7720;0
7721;2
7722;5
7723;4
7724;2
7725;5
7726;4
7727;2
7728;7
7729;4
7730;8
7731;4
7732;4
7733;2
7734;3
7735;1
7736;6
7737;5
7738;6
7739;0
7740;3
7741;6
7742;2
7743;3
7744;0
7745;3
7746;8
7747;2
7748;2
7749;4
7750;0
7751;3
7752;5
7753;1
7754;3
7755;5
7756;3
7757;2
7758;1
7759;2
7760;0
7761;0
7762;4
7763;6
7764;8
7765;3
7766;0
7767;0
7768;0
7769;2
7770;0
7771;0
7772;2
7773;5
7774;2
7775;2
7776;0
7777;0
7778;1
7779;1
7780;0
7781;2
7782;7
7783;6
7784;2
7785;1
7786;0
7787;1
7788;0
7789;0
7790;5
7791;6
7792;4
7793;0
7794;4
7795;2
7796;2
7797;1
7798;0
7799;0
7800;0
7801;0
7802;8
7803;8
7804;0
7805;3
7806;0
7807;0
7808;0
7809;3
7810;0
7811;0
7812;6
7813;4
7814;5
7815;6
7816;2
7817;2
7818;2
7819;7
7820;8
7821;6
7822;5
7823;9
7824;5
7825;3
7826;4
7827;7
7828;6
7829;3
7830;8
7831;4
7832;9
7833;4
7834;1
7835;4
7836;2
7837;6
7838;7
7839;4
7840;0
7841;5
7842;5
7843;1
7844;4
7845;5
7846;8
7847;2
7848;2
7849;4
7850;3
7851;6
7852;3
7853;4
7854;5
7855;5
7856;8
7857;1
7858;0
7859;5
7860;0
7861;2
7862;4
7863;2
7864;8
7865;8
7866;2
7867;0
7868;2
7869;5
7870;0
7871;2
7872;7
7873;6
7874;2
7875;1
7876;0
7877;1
7878;0
7879;0
7880;0
7881;2
7882;6
7883;7
7884;2
7885;0
7886;2
7887;0
7888;0
7889;1
7890;3
7891;7
7892;3
7893;4
7894;4
7895;5
7896;5
7897;0
7898;1
7899;1
7900;0
7901;8
7902;0
7903;9
7904;0
7905;2
7906;3
7907;5
7908;3
7909;0
7910;8
7911;0
7912;4
7913;4
7914;3
7915;6
7916;7
7917;6
7918;7
7919;3
7920;0
7921;4
7922;2
7923;7
7924;9
7925;6
7926;8
7927;4
7928;3
7929;4
7930;9
7931;4
7932;7
7933;4
7934;6
7935;2
7936;4
7937;0
7938;4
7939;5
7940;0
7941;3
7942;9
7943;6
7944;2
7945;3
7946;1
7947;4
7948;4
7949;5
7950;2
7951;6
7952;6
7953;2
7954;3
7955;4
7956;1
7957;2
7958;5
7959;0
7960;3
7961;7
7962;8
7963;4
7964;1
7965;1
7966;2
7967;2
7968;5
7969;3
7970;5
7971;6
7972;4
7973;0
7974;4
7975;2
7976;2
7977;1
7978;0
7979;0
7980;3
7981;7
7982;3
7983;4
7984;4
7985;5
7986;5
7987;0
7988;1
7989;1
7990;0
7991;3
7992;4
7993;5
7994;5
7995;0
7996;3
7997;0
7998;1
7999;0
8000;0
8001;0
8002;9
8003;0
8004;0
8005;0
8006;0
8007;0
8008;0
8009;0
8010;0
8011;4
8012;10
8013;3
8014;0
8015;0
8016;0
8017;0
8018;0
8019;8
8020;9
8021;10
8022;8
8023;9
8024;12
8025;14
8026;11
8027;8
8028;8
8029;10
8030;0
8031;3
8032;9
8033;0
8034;0
8035;3
8036;9
8037;8
8038;0
8039;0
8040;0
8041;0
8042;12
8043;0
8044;0
8045;6
8046;11
8047;0
8048;5
8049;0
8050;0
8051;0
8052;14
8053;3
8054;6
8055;8
8056;2
8057;3
8058;0
8059;0
8060;0
8061;0
8062;11
8063;9
8064;11
8065;2
8066;0
8067;0
8068;3
8069;0
8070;0
8071;0
8072;8
8073;8
8074;0
8075;3
8076;0
8077;0
8078;0
8079;3
8080;0
8081;0
8082;8
8083;0
8084;5
8085;0
8086;3
8087;0
8088;0
8089;5
8090;0
8091;8
8092;10
8093;0
8094;0
8095;0
8096;0
8097;3
8098;5
8099;3
8100;0
8101;4
8102;10
8103;3
8104;0
8105;0
8106;0
8107;0
8108;0
8109;8
8110;4
8111;4
8112;8
8113;6
8114;5
8115;1
8116;2
8117;0
8118;0
8119;1
8120;10
8121;8
8122;7
8123;6
8124;10
8125;10
8126;12
8127;6
8128;2
8129;5
8130;3
8131;6
8132;6
8133;3
8134;4
8135;8
8136;13
8137;4
8138;1
8139;4
8140;0
8141;5
8142;10
8143;4
8144;3
8145;6
8146;7
8147;5
8148;4
8149;4
8150;0
8151;1
8152;10
8153;8
8154;6
8155;5
8156;5
8157;6
8158;6
8159;3
8160;0
8161;2
8162;12
8163;13
8164;7
8165;5
8166;3
8167;2
8168;6
8169;3
8170;0
8171;0
8172;6
8173;4
8174;5
8175;6
8176;2
8177;2
8178;2
8179;7
8180;0
8181;0
8182;2
8183;1
8184;4
8185;6
8186;6
8187;2
8188;2
8189;6
8190;8
8191;1
8192;5
8193;4
8194;4
8195;3
8196;3
8197;7
8198;6
8199;9
8200;9
8201;10
8202;8
8203;9
8204;12
8205;14
8206;11
8207;8
8208;8
8209;10
8210;10
8211;8
8212;7
8213;6
8214;10
8215;10
8216;12
8217;6
8218;2
8219;5
8220;8
8221;7
8222;8
8223;10
8224;6
8225;8
8226;9
8227;5
8228;9
8229;1
8230;9
8231;6
8232;10
8233;9
8234;8
8235;3
8236;4
8237;9
8238;5
8239;8
8240;12
8241;10
8242;6
8243;8
8244;11
8245;6
8246;11
8247;5
8248;7
8249;9
8250;14
8251;10
8252;8
8253;3
8254;6
8255;6
8256;7
8257;3
8258;6
8259;8
8260;11
8261;12
8262;9
8263;4
8264;11
8265;7
8266;11
8267;4
8268;4
8269;7
8270;8
8271;6
8272;5
8273;9
8274;5
8275;3
8276;4
8277;7
8278;6
8279;3
8280;8
8281;2
8282;9
8283;5
8284;7
8285;6
8286;4
8287;6
8288;5
8289;5
8290;10
8291;5
8292;1
8293;8
8294;9
8295;8
8296;7
8297;3
8298;5
8299;6
8300;0
8301;3
8302;9
8303;0
8304;0
8305;3
8306;9
8307;8
8308;0
8309;0
8310;3
8311;6
8312;6
8313;3
8314;4
8315;8
8316;13
8317;4
8318;1
8319;4
8320;9
8321;6
8322;10
8323;9
8324;8
8325;3
8326;4
8327;9
8328;5
8329;8
8330;0
8331;3
8332;9
8333;4
8334;2
8335;3
8336;3
8337;4
8338;5
8339;5
8340;0
8341;4
8342;8
8343;2
8344;7
8345;6
8346;8
8347;1
8348;2
8349;5
8350;3
8351;8
8352;3
8353;3
8354;6
8355;2
8356;5
8357;4
8358;1
8359;7
8360;9
8361;13
8362;4
8363;3
8364;8
8365;5
8366;9
8367;2
8368;5
8369;8
8370;8
8371;4
8372;9
8373;4
8374;1
8375;4
8376;2
8377;6
8378;7
8379;4
8380;0
8381;1
8382;5
8383;5
8384;2
8385;1
8386;5
8387;7
8388;2
8389;2
8390;0
8391;4
8392;8
8393;5
8394;5
8395;7
8396;8
8397;4
8398;2
8399;5
8400;0
8401;0
8402;12
8403;0
8404;0
8405;6
8406;11
8407;0
8408;5
8409;0
8410;0
8411;5
8412;10
8413;4
8414;3
8415;6
8416;7
8417;5
8418;4
8419;4
8420;12
8421;10
8422;6
8423;8
8424;11
8425;6
8426;11
8427;5
8428;7
8429;9
8430;0
8431;4
8432;8
8433;2
8434;7
8435;6
8436;8
8437;1
8438;2
8439;5
8440;0
8441;3
8442;11
8443;7
8444;2
8445;3
8446;5
8447;4
8448;5
8449;4
8450;6
8451;6
8452;6
8453;6
8454;3
8455;0
8456;5
8457;5
8458;3
8459;2
8460;11
8461;7
8462;11
8463;8
8464;5
8465;5
8466;6
8467;8
8468;9
8469;4
8470;0
8471;5
8472;5
8473;1
8474;4
8475;5
8476;8
8477;2
8478;2
8479;4
8480;5
8481;4
8482;7
8483;2
8484;5
8485;3
8486;9
8487;2
8488;2
8489;3
8490;0
8491;4
8492;9
8493;5
8494;4
8495;2
8496;4
8497;4
8498;3
8499;0
8500;0
8501;0
8502;14
8503;3
8504;6
8505;8
8506;2
8507;3
8508;0
8509;0
8510;0
8511;1
8512;10
8513;8
8514;6
8515;5
8516;5
8517;6
8518;6
8519;3
8520;14
8521;10
8522;8
8523;3
8524;6
8525;6
8526;7
8527;3
8528;6
8529;8
8530;3
8531;8
8532;3
8533;3
8534;6
8535;2
8536;5
8537;4
8538;1
8539;7
8540;6
8541;6
8542;6
8543;6
8544;3
8545;0
8546;5
8547;5
8548;3
8549;2
8550;8
8551;5
8552;6
8553;2
8554;0
8555;3
8556;3
8557;5
8558;5
8559;5
8560;2
8561;5
8562;7
8563;5
8564;5
8565;3
8566;0
8567;8
8568;4
8569;2
8570;3
8571;6
8572;3
8573;4
8574;5
8575;5
8576;8
8577;1
8578;0
8579;5
8580;0
8581;6
8582;6
8583;1
8584;3
8585;5
8586;4
8587;0
8588;2
8589;2
8590;0
8591;3
8592;8
8593;7
8594;2
8595;5
8596;2
8597;5
8598;2
8599;0
8600;0
8601;0
8602;11
8603;9
8604;11
8605;2
8606;0
8607;0
8608;3
8609;0
8610;0
8611;2
8612;12
8613;13
8614;7
8615;5
8616;3
8617;2
8618;6
8619;3
8620;11
8621;12
8622;9
8623;4
8624;11
8625;7
8626;11
8627;4
8628;4
8629;7
8630;9
8631;13
8632;4
8633;3
8634;8
8635;5
8636;9
8637;2
8638;5
8639;8
8640;11
8641;7
8642;11
8643;8
8644;5
8645;5
8646;6
8647;8
8648;9
8649;4
8650;2
8651;5
8652;7
8653;5
8654;5
8655;3
8656;0
8657;8
8658;4
8659;2
8660;0
8661;3
8662;11
8663;9
8664;6
8665;0
8666;3
8667;2
8668;3
8669;3
8670;0
8671;2
8672;4
8673;2
8674;8
8675;8
8676;2
8677;0
8678;2
8679;5
8680;3
8681;6
8682;4
8683;5
8684;9
8685;4
8686;3
8687;2
8688;0
8689;2
8690;0
8691;3
8692;7
8693;8
8694;4
8695;2
8696;3
8697;5
8698;2
8699;0
8700;0
8701;0
8702;8
8703;8
8704;0
8705;3
8706;0
8707;0
8708;0
8709;3
8710;0
8711;0
8712;6
8713;4
8714;5
8715;6
8716;2
8717;2
8718;2
8719;7
8720;8
8721;6
8722;5
8723;9
8724;5
8725;3
8726;4
8727;7
8728;6
8729;3
8730;8
8731;4
8732;9
8733;4
8734;1
8735;4
8736;2
8737;6
8738;7
8739;4
8740;0
8741;5
8742;5
8743;1
8744;4
8745;5
8746;8
8747;2
8748;2
8749;4
8750;3
8751;6
8752;3
8753;4
8754;5
8755;5
8756;8
8757;1
8758;0
8759;5
8760;0
8761;2
8762;4
8763;2
8764;8
8765;8
8766;2
8767;0
8768;2
8769;5
8770;0
8771;2
8772;7
8773;6
8774;2
8775;1
8776;0
8777;1
8778;0
8779;0
8780;0
8781;2
8782;6
8783;7
8784;2
8785;0
8786;2
8787;0
8788;0
8789;1
8790;3
8791;7
8792;3
8793;4
8794;4
8795;5
8796;5
8797;0
8798;1
8799;1
8800;0
8801;0
8802;8
8803;0
8804;5
8805;0
8806;3
8807;0
8808;0
8809;5
8810;0
8811;0
8812;2
8813;1
8814;4
8815;6
8816;6
8817;2
8818;2
8819;6
8820;8
8821;2
8822;9
8823;5
8824;7
8825;6
8826;4
8827;6
8828;5
8829;5
8830;0
8831;1
8832;5
8833;5
8834;2
8835;1
8836;5
8837;7
8838;2
8839;2
8840;5
8841;4
8842;7
8843;2
8844;5
8845;3
8846;9
8847;2
8848;2
8849;3
8850;0
8851;6
8852;6
8853;1
8854;3
8855;5
8856;4
8857;0
8858;2
8859;2
8860;3
8861;6
8862;4
8863;5
8864;9
8865;4
8866;3
8867;2
8868;0
8869;2
8870;0
8871;2
8872;6
8873;7
8874;2
8875;0
8876;2
8877;0
8878;0
8879;1
8880;0
8881;2
8882;5
8883;2
8884;2
8885;2
8886;0
8887;0
8888;1
8889;1
8890;5
8891;6
8892;5
8893;2
8894;3
8895;2
8896;2
8897;1
8898;1
8899;0
8900;0
8901;8
8902;10
8903;0
8904;0
8905;0
8906;0
8907;3
8908;5
8909;3
8910;8
8911;1
8912;5
8913;4
8914;4
8915;3
8916;3
8917;7
8918;6
8919;9
8920;10
8921;5
8922;1
8923;8
8924;9
8925;8
8926;7
8927;3
8928;5
8929;6
8930;0
8931;4
8932;8
8933;5
8934;5
8935;7
8936;8
8937;4
8938;2
8939;5
8940;0
8941;4
8942;9
8943;5
8944;4
8945;2
8946;4
8947;4
8948;3
8949;0
8950;0
8951;3
8952;8
8953;7
8954;2
8955;5
8956;2
8957;5
8958;2
8959;0
8960;0
8961;3
8962;7
8963;8
8964;4
8965;2
8966;3
8967;5
8968;2
8969;0
8970;3
8971;7
8972;3
8973;4
8974;4
8975;5
8976;5
8977;0
8978;1
8979;1
8980;5
8981;6
8982;5
8983;2
8984;3
8985;2
8986;2
8987;1
8988;1
8989;0
8990;3
8991;9
8992;6
8993;5
8994;0
8995;0
8996;0
8997;1
8998;0
8999;1
9000;0
9001;9
9002;0
9003;0
9004;0
9005;0
9006;0
9007;0
9008;0
9009;0
9010;9
9011;10
9012;11
9013;8
9014;8
9015;8
9016;8
9017;8
9018;8
9019;8
9020;0
9021;11
9022;5
9023;3
9024;2
9025;8
9026;0
9027;0
9028;10
9029;0
9030;0
9031;8
9032;3
9033;5
9034;3
9035;0
9036;0
9037;9
9038;0
9039;0
9040;0
9041;8
9042;2
9043;3
9044;5
9045;3
9046;8
9047;0
9048;0
9049;0
9050;0
9051;8
9052;8
9053;0
9054;3
9055;9
9056;3
9057;2
9058;0
9059;0
9060;0
9061;8
9062;0
9063;0
9064;8
9065;3
9066;5
9067;3
9068;0
9069;0
9070;0
9071;8
9072;0
9073;9
9074;0
9075;2
9076;3
9077;5
9078;3
9079;0
9080;0
9081;8
9082;10
9083;0
9084;0
9085;0
9086;0
9087;3
9088;5
9089;3
9090;0
9091;8
9092;0
9093;0
9094;0
9095;0
9096;0
9097;0
9098;3
9099;5
9100;9
9101;10
9102;11
9103;8
9104;8
9105;8
9106;8
9107;8
9108;8
9109;8
9110;10
9111;8
9112;7
9113;3
9114;1
9115;0
9116;0
9117;0
9118;1
9119;1
9120;11
9121;7
9122;6
9123;7
9124;8
9125;3
9126;3
9127;4
9128;5
9129;4
9130;8
9131;3
9132;7
9133;6
9134;7
9135;4
9136;8
9137;4
9138;4
9139;0
9140;8
9141;1
9142;8
9143;7
9144;6
9145;9
9146;4
9147;3
9148;4
9149;0
9150;8
9151;0
9152;3
9153;4
9154;9
9155;6
9156;7
9157;6
9158;3
9159;1
9160;8
9161;0
9162;3
9163;8
9164;4
9165;7
9166;6
9167;7
9168;3
9169;0
9170;8
9171;0
9172;4
9173;4
9174;3
9175;6
9176;7
9177;6
9178;7
9179;3
9180;8
9181;1
9182;5
9183;4
9184;4
9185;3
9186;3
9187;7
9188;6
9189;9
9190;8
9191;1
9192;4
9193;0
9194;0
9195;1
9196;0
9197;3
9198;9
9199;6
9200;0
9201;11
9202;5
9203;3
9204;2
9205;8
9206;0
9207;0
9208;10
9209;0
9210;11
9211;7
9212;6
9213;7
9214;8
9215;3
9216;3
9217;4
9218;5
9219;4
9220;5
9221;6
9222;5
9223;6
9224;9
9225;6
9226;6
9227;2
9228;1
9229;1
9230;3
9231;7
9232;6
9233;2
9234;10
9235;8
9236;8
9237;7
9238;8
9239;3
9240;2
9241;8
9242;9
9243;10
9244;7
9245;2
9246;6
9247;9
9248;9
9249;3
9250;8
9251;3
9252;6
9253;8
9254;2
9255;6
9256;4
9257;6
9258;8
9259;5
9260;0
9261;3
9262;6
9263;8
9264;6
9265;4
9266;2
9267;8
9268;7
9269;4
9270;0
9271;4
9272;2
9273;7
9274;9
9275;6
9276;8
9277;4
9278;3
9279;4
9280;10
9281;5
9282;1
9283;8
9284;9
9285;8
9286;7
9287;3
9288;5
9289;6
9290;0
9291;4
9292;1
9293;3
9294;3
9295;5
9296;4
9297;4
9298;6
9299;2
9300;0
9301;8
9302;3
9303;5
9304;3
9305;0
9306;0
9307;9
9308;0
9309;0
9310;8
9311;3
9312;7
9313;6
9314;7
9315;4
9316;8
9317;4
9318;4
9319;0
9320;3
9321;7
9322;6
9323;2
9324;10
9325;8
9326;8
9327;7
9328;8
9329;3
9330;5
9331;6
9332;2
9333;1
9334;2
9335;4
9336;4
9337;4
9338;5
9339;4
9340;3
9341;7
9342;10
9343;2
9344;3
9345;3
9346;4
9347;6
9348;5
9349;3
9350;0
9351;4
9352;8
9353;4
9354;3
9355;3
9356;4
9357;2
9358;7
9359;4
9360;0
9361;8
9362;8
9363;4
9364;4
9365;4
9366;0
9367;4
9368;8
9369;4
9370;9
9371;4
9372;7
9373;4
9374;6
9375;2
9376;4
9377;0
9378;4
9379;5
9380;0
9381;4
9382;8
9383;5
9384;5
9385;7
9386;8
9387;4
9388;2
9389;5
9390;0
9391;0
9392;3
9393;4
9394;3
9395;4
9396;4
9397;5
9398;5
9399;0
9400;0
9401;8
9402;2
9403;3
9404;5
9405;3
9406;8
9407;0
9408;0
9409;0
9410;8
9411;1
9412;8
9413;7
9414;6
9415;9
9416;4
9417;3
9418;4
9419;0
9420;2
9421;8
9422;9
9423;10
9424;7
9425;2
9426;6
9427;9
9428;9
9429;3
9430;3
9431;7
9432;10
9433;2
9434;3
9435;3
9436;4
9437;6
9438;5
9439;3
9440;5
9441;6
9442;7
9443;3
9444;1
9445;0
9446;5
9447;2
9448;4
9449;3
9450;3
9451;9
9452;2
9453;3
9454;0
9455;1
9456;4
9457;3
9458;2
9459;4
9460;8
9461;4
9462;6
9463;4
9464;5
9465;4
9466;2
9467;1
9468;4
9469;5
9470;0
9471;3
9472;9
9473;6
9474;2
9475;3
9476;1
9477;4
9478;4
9479;5
9480;0
9481;4
9482;9
9483;5
9484;4
9485;2
9486;4
9487;4
9488;3
9489;0
9490;0
9491;0
9492;3
9493;3
9494;3
9495;4
9496;5
9497;5
9498;0
9499;0
9500;0
9501;8
9502;8
9503;0
9504;3
9505;9
9506;3
9507;2
9508;0
9509;0
9510;8
9511;0
9512;3
9513;4
9514;9
9515;6
9516;7
9517;6
9518;3
9519;1
9520;8
9521;3
9522;6
9523;8
9524;2
9525;6
9526;4
9527;6
9528;8
9529;5
9530;0
9531;4
9532;8
9533;4
9534;3
9535;3
9536;4
9537;2
9538;7
9539;4
9540;3
9541;9
9542;2
9543;3
9544;0
9545;1
9546;4
9547;3
9548;2
9549;4
9550;9
9551;6
9552;6
9553;3
9554;1
9555;1
9556;3
9557;4
9558;5
9559;5
9560;3
9561;7
9562;4
9563;4
9564;4
9565;3
9566;1
9567;1
9568;2
9569;2
9570;2
9571;6
9572;6
9573;2
9574;3
9575;4
9576;1
9577;2
9578;5
9579;0
9580;0
9581;3
9582;8
9583;7
9584;2
9585;5
9586;2
9587;5
9588;2
9589;0
9590;0
9591;1
9592;5
9593;4
9594;4
9595;5
9596;2
9597;0
9598;0
9599;2
9600;0
9601;8
9602;0
9603;0
9604;8
9605;3
9606;5
9607;3
9608;0
9609;0
9610;8
9611;0
9612;3
9613;8
9614;4
9615;7
9616;6
9617;7
9618;3
9619;0
9620;0
9621;3
9622;6
9623;8
9624;6
9625;4
9626;2
9627;8
9628;7
9629;4
9630;0
9631;8
9632;8
9633;4
9634;4
9635;4
9636;0
9637;4
9638;8
9639;4
9640;8
9641;4
9642;6
9643;4
9644;5
9645;4
9646;2
9647;1
9648;4
9649;5
9650;3
9651;7
9652;4
9653;4
9654;4
9655;3
9656;1
9657;1
9658;2
9659;2
9660;5
9661;6
9662;2
9663;0
9664;2
9665;1
9666;3
9667;2
9668;3
9669;2
9670;3
9671;7
9672;8
9673;4
9674;1
9675;1
9676;2
9677;2
9678;5
9679;3
9680;0
9681;3
9682;7
9683;8
9684;4
9685;2
9686;3
9687;5
9688;2
9689;0
9690;0
9691;0
9692;4
9693;4
9694;5
9695;2
9696;2
9697;3
9698;0
9699;0
9700;0
9701;8
9702;0
9703;9
9704;0
9705;2
9706;3
9707;5
9708;3
9709;0
9710;8
9711;0
9712;4
9713;4
9714;3
9715;6
9716;7
9717;6
9718;7
9719;3
9720;0
9721;4
9722;2
9723;7
9724;9
9725;6
9726;8
9727;4
9728;3
9729;4
9730;9
9731;4
9732;7
9733;4
9734;6
9735;2
9736;4
9737;0
9738;4
9739;5
9740;0
9741;3
9742;9
9743;6
9744;2
9745;3
9746;1
9747;4
9748;4
9749;5
9750;2
9751;6
9752;6
9753;2
9754;3
9755;4
9756;1
9757;2
9758;5
9759;0
9760;3
9761;7
9762;8
9763;4
9764;1
9765;1
9766;2
9767;2
9768;5
9769;3
9770;5
9771;6
9772;4
9773;0
9774;4
9775;2
9776;2
9777;1
9778;0
9779;0
9780;3
9781;7
9782;3
9783;4
9784;4
9785;5
9786;5
9787;0
9788;1
9789;1
9790;0
9791;3
9792;4
9793;5
9794;5
9795;0
9796;3
9797;0
9798;1
9799;0
9800;0
9801;8
9802;10
9803;0
9804;0
9805;0
9806;0
9807;3
9808;5
9809;3
9810;8
9811;1
9812;5
9813;4
9814;4
9815;3
9816;3
9817;7
9818;6
9819;9
9820;10
9821;5
9822;1
9823;8
9824;9
9825;8
9826;7
9827;3
9828;5
9829;6
9830;0
9831;4
9832;8
9833;5
9834;5
9835;7
9836;8
9837;4
9838;2
9839;5
9840;0
9841;4
9842;9
9843;5
9844;4
9845;2
9846;4
9847;4
9848;3
9849;0
9850;0
9851;3
9852;8
9853;7
9854;2
9855;5
9856;2
9857;5
9858;2
9859;0
9860;0
9861;3
9862;7
9863;8
9864;4
9865;2
9866;3
9867;5
9868;2
9869;0
9870;3
9871;7
9872;3
9873;4
9874;4
9875;5
9876;5
9877;0
9878;1
9879;1
9880;5
9881;6
9882;5
9883;2
9884;3
9885;2
9886;2
9887;1
9888;1
9889;0
9890;3
9891;9
9892;6
9893;5
9894;0
9895;0
9896;0
9897;1
9898;0
9899;1
9900;0
9901;8
9902;0
9903;0
9904;0
9905;0
9906;0
9907;0
9908;3
9909;5
9910;8
9911;1
9912;4
9913;0
9914;0
9915;1
9916;0
9917;3
9918;9
9919;6
9920;0
9921;4
9922;1
9923;3
9924;3
9925;5
9926;4
9927;4
9928;6
9929;2
9930;0
9931;0
9932;3
9933;4
9934;3
9935;4
9936;4
9937;5
9938;5
9939;0
9940;0
9941;0
9942;3
9943;3
9944;3
9945;4
9946;5
9947;5
9948;0
9949;0
9950;0
9951;1
9952;5
9953;4
9954;4
9955;5
9956;2
9957;0
9958;0
9959;2
9960;0
9961;0
9962;4
9963;4
9964;5
9965;2
9966;2
9967;3
9968;0
9969;0
9970;0
9971;3
9972;4
9973;5
9974;5
9975;0
9976;3
9977;0
9978;1
9979;0
9980;3
9981;9
9982;6
9983;5
9984;0
9985;0
9986;0
9987;1
9988;0
9989;1
9990;5
9991;6
9992;2
9993;0
9994;0
9995;2
9996;0
9997;0
9998;1
9999;0